title,url,slug,publish_date,modified_date,author,category,tags,featured_image,meta_title,meta_description,current_internal_links,existing_local_equivalent,migration_status,notes
Solar Panel Cleaning Tips for Maximum Efficiency,https://esteemenergy.com.au/blog/solar-panel-cleaning-guide/,solar-panel-cleaning-guide,Unknown,Unknown,Unknown,Blog,Unknown,Present,Unknown,Unknown,Present,None,Missing,Publicly linked from category archive.
Best Solar Panels for Your Home | Top Choices,https://esteemenergy.com.au/blog/best-solar-panels/,best-solar-panels,Unknown,Unknown,Unknown,Blog,Unknown,Present,Unknown,Unknown,Present,None,Missing,Publicly linked from category archive.
Essential Solar Panel Maintenance Tips for Longevity,https://esteemenergy.com.au/blog/solar-panel-maintenance-tips/,solar-panel-maintenance-tips,Unknown,Unknown,Unknown,Blog,Unknown,Present,Unknown,Unknown,Present,None,Missing,Publicly linked from category archive.
Electricity Cost in Australia and How to Reduce It,https://esteemenergy.com.au/how-much-does-electricity-cost-australia/,how-much-does-electricity-cost-australia,Unknown,Unknown,Unknown,Blog,Unknown,Present,Unknown,Unknown,Present,None,Missing,Source blog URL redirected with 301 in browser-backed result.
What is Solar Energy and Learn How Does It Work?,https://esteemenergy.com.au/what-is-solar-energy/,what-is-solar-energy,Unknown,Unknown,Unknown,Blog,Unknown,Present,Unknown,Unknown,Present,None,Missing,Search-indexed post.
How to Clean Solar Panels on Roof: Simple Guide 2025,https://esteemenergy.com.au/how-to-clean-solar-panels-on-roof/,how-to-clean-solar-panels-on-roof,Unknown,Unknown,Pulkit Vania,Blog,Unknown,Present,Unknown,Unknown,Present,None,Missing,Current category archive page exposes this post.
Fox ESS Battery Review: Is This Solar Battery Worth It in 2026?,https://esteemenergy.com.au/fox-ess-battery-review/,fox-ess-battery-review,Unknown,Unknown,Unknown,Blog,Unknown,Unknown,Unknown,Unknown,Unknown,None,Missing,Search result exposed query permalink; canonical needs verification.
How Much Electricity Can a 6.6 kW Solar System Produce?,https://esteemenergy.com.au/blogs/how-much-electricity-can-a-6-6-kw-solar-system-produce/,how-much-electricity-can-a-6-6-kw-solar-system-produce,Unknown,Unknown,Unknown,Blog,Unknown,Present,Unknown,Unknown,Present,blogs/how-much-electricity-can-a-6-6-kw-solar-system-produce/index.html,Designed,Local import exists; live URL not independently confirmed from accessible archive.
How to Choose the Right Solar System Size for Your Home,https://esteemenergy.com.au/blogs/how-to-choose-the-right-solar-system-size/,how-to-choose-the-right-solar-system-size,Unknown,Unknown,Unknown,Blog,Unknown,Present,Unknown,Unknown,Present,blogs/how-to-choose-the-right-solar-system-size/index.html,Designed,Local import exists; live URL not independently confirmed from accessible archive.
How to Maintain Your Residential Solar System,https://esteemenergy.com.au/blogs/how-to-maintain-your-residential-solar-system/,how-to-maintain-your-residential-solar-system,Unknown,Unknown,Unknown,Blog,Unknown,Unknown,Unknown,Unknown,Unknown,Present,blogs/how-to-maintain-your-residential-solar-system/index.html,Designed,Local import exists; live URL not independently confirmed from accessible archive.
Solar Inverters Explained: What They Do and Why They Matter,https://esteemenergy.com.au/blogs/solar-inverters-explained/,solar-inverters-explained,Unknown,Unknown,Unknown,Blog,Unknown,Unknown,Unknown,Unknown,Unknown,Present,blogs/solar-inverters-explained/index.html,Designed,Local import exists; live URL not independently confirmed from accessible archive.
Solar Panel Installation: What Homeowners Should Expect,https://esteemenergy.com.au/blogs/solar-panel-installation-guide/,solar-panel-installation-guide,Unknown,Unknown,Unknown,Blog,Unknown,Unknown,Unknown,Unknown,Unknown,Present,blogs/solar-panel-installation-guide/index.html,Designed,Local import exists; live URL not independently confirmed from accessible archive.
Solar Panels vs Electricity Bills: Understanding Potential Savings,https://esteemenergy.com.au/blogs/solar-panels-vs-electricity-bills-savings/,solar-panels-vs-electricity-bills-savings,Unknown,Unknown,Unknown,Blog,Unknown,Unknown,Unknown,Unknown,Unknown,Present,blogs/solar-panels-vs-electricity-bills-savings/index.html,Designed,Local import exists; live URL not independently confirmed from accessible archive.
