"content_title","old_url","image_type","old_image_url","attachment_id","local_source","new_path","match_method","confidence","duplicate_count","status","notes"
"Products","/products/","product","https://esteemenergy.com.au/wp-content/uploads/2023/10/Solar-Batteries.png","7835","C:\Users\admin\Desktop\vscode\vscode\solar\migration\uploads\2023\10\Solar-Batteries.png","/assets/site-images/product/Solar-Batteries.png","exact local upload","exact","2","replaced",""
"Products","/products/","product","https://esteemenergy.com.au/wp-content/uploads/2024/01/ht-panels-415w.webp","5425","C:\Users\admin\Desktop\vscode\vscode\solar\migration\uploads\2024\01\ht-panels-415w.webp","/assets/site-images/product/ht-panels-415w.webp","exact local upload","exact","1","replaced",""
"Products","/products/","product","https://esteemenergy.com.au/wp-content/uploads/2023/07/Trina-solar.webp","3062","C:\Users\admin\Desktop\vscode\vscode\solar\migration\uploads\2023\07\Trina-solar.webp","/assets/site-images/product/Trina-solar.webp","exact local upload","exact","1","replaced",""
"Products","/products/","product","https://esteemenergy.com.au/wp-content/uploads/2023/07/Jinko.webp","3039","C:\Users\admin\Desktop\vscode\vscode\solar\migration\uploads\2023\07\Jinko.webp","/assets/site-images/product/Jinko.webp","exact local upload","exact","1","replaced",""
"Products","/products/","product","https://esteemenergy.com.au/wp-content/uploads/2024/09/inverter-brand-4.jpg","9707","C:\Users\admin\Desktop\vscode\vscode\solar\migration\uploads\2024\09\inverter-brand-4.jpg","/assets/site-images/product/inverter-brand-4.jpg","exact local upload","exact","1","replaced",""
"Products","/products/","product","https://esteemenergy.com.au/wp-content/uploads/2024/01/fronius-inverter.webp","5091","C:\Users\admin\Desktop\vscode\vscode\solar\migration\uploads\2024\01\fronius-inverter.webp","/assets/site-images/product/fronius-inverter.webp","exact local upload","exact","1","replaced",""
"Battery Storage","/battery-storage/","hero","https://esteemenergy.com.au/wp-content/uploads/2023/10/Solar-Batteries.png","7835","C:\Users\admin\Desktop\vscode\vscode\solar\migration\uploads\2023\10\Solar-Batteries.png","/assets/site-images/product/Solar-Batteries.png","exact local upload","exact","2","replaced",""
"Installation","/installation/","hero","https://esteemenergy.com.au/wp-content/uploads/2025/01/The-Solar-Installation-Process_-What-to-Expect-from-Start-to-Finish-1.png","11291","C:\Users\admin\Desktop\vscode\vscode\solar\migration\uploads\2025\01\The-Solar-Installation-Process_-What-to-Expect-from-Start-to-Finish-1.png","/assets/site-images/installation/The-Solar-Installation-Process_-What-to-Expect-from-Start-to-Finish-1.png","exact local upload","exact","1","replaced",""
"Our Gallery","/our-gallery/","gallery","https://esteemenergy.com.au/wp-content/uploads/2023/08/Best-Solar-Installation-cabramatta-new-south-wales.jpg","3607","C:\Users\admin\Desktop\vscode\vscode\solar\migration\uploads\2023\08\Best-Solar-Installation-cabramatta-new-south-wales.jpg","/assets/site-images/gallery/Best-Solar-Installation-cabramatta-new-south-wales.jpg","exact local upload","exact","1","replaced",""
"Our Gallery","/our-gallery/","gallery","https://esteemenergy.com.au/wp-content/uploads/2023/08/Best-Solar-Installation-Ashby-Western-Australia.jpg","3595","C:\Users\admin\Desktop\vscode\vscode\solar\migration\uploads\2023\08\Best-Solar-Installation-Ashby-Western-Australia.jpg","/assets/site-images/gallery/Best-Solar-Installation-Ashby-Western-Australia.jpg","exact local upload","exact","1","replaced",""
"Our Gallery","/our-gallery/","gallery","https://esteemenergy.com.au/wp-content/uploads/2023/08/Best-Solar-Installation-Blacktown-NSW.jpg","3597","C:\Users\admin\Desktop\vscode\vscode\solar\migration\uploads\2023\08\Best-Solar-Installation-Blacktown-NSW.jpg","/assets/site-images/gallery/Best-Solar-Installation-Blacktown-NSW.jpg","exact local upload","exact","1","replaced",""
"Our Gallery","/our-gallery/","gallery","https://esteemenergy.com.au/wp-content/uploads/2023/08/Best-Solar-Installation-Blacktown-new-south-wales.jpg","3596","C:\Users\admin\Desktop\vscode\vscode\solar\migration\uploads\2023\08\Best-Solar-Installation-Blacktown-new-south-wales.jpg","/assets/site-images/gallery/Best-Solar-Installation-Blacktown-new-south-wales.jpg","exact local upload","exact","1","replaced",""
"Homepage","/","hero","","","","","temporary/relevance fallback","uncertain",,"review","Original old-site hero not yet confirmed; retained current image"
"Contact Us","/contact-us/","hero","","","","/assests/about/solar-consultation-support.webp","temporary/relevance fallback","uncertain","1","review","Original old-site hero not yet confirmed; retained current local image"
"Pricing","/pricing/","hero","","","","../assests/about/modern-home-solar-panels.webp","temporary/relevance fallback","uncertain","1","review","No exact old-site image confirmed; retained current image"
"Will Trees Affect Solar Panels?","/will-trees-affect-solar-panels/","featured","","","residential-solar-panel.png","/assets/blog/will-trees-affect-solar-panels/featured.png","temporary/relevance fallback","medium/uncertain","1","review","Needs original confirmation"
"Why Solar Panels Are Not Worth It: Exploring the Truth Behind the Investment","/why-solar-panels-are-not-worth-it/","featured","","","Cost-Savings-on-Energy-Bills.png","/assets/blog/why-solar-panels-are-not-worth-it/featured.png","temporary/relevance fallback","medium/uncertain","1","review","Needs original confirmation"
"Why Should We Choose a Fronius Inverter?","/why-choose-fronius-inverter/","featured","","","fronius-inverter.webp","/assets/blog/why-choose-fronius-inverter/featured.webp","temporary/relevance fallback","medium/uncertain","1","review","Needs original confirmation"
"Why Are Solar Panels Good","/why-are-solar-panels-good/","featured","","","previous verified match","/assets/blog/why-are-solar-panels-good/featured.jpg","exact local upload","exact","1","review","Needs original confirmation"
"Who Invented Solar Panels","/who-invented-solar-panels/","featured","","","residential-solar-panel.png","/assets/blog-images/who-invented-solar-panels/featured.jpg","temporary/relevance fallback","medium/uncertain","1","review","Replaced/local match"
"Which Direction is Best For Solar Panels?","/which-direction-best-solar-panels/","featured","","","previous verified match","/assets/blog/which-direction-best-solar-panels/featured.png","exact local upload","exact","1","review","Needs original confirmation"
"What Size Solar System Do I Need","/what-size-solar-system-do-i-need/","featured","","","Latest-Advancement-and-Potential-Impacts-on-Solar-Technology.jpg","/assets/blog/what-size-solar-system-do-i-need/featured.jpg","temporary/relevance fallback","medium/uncertain","1","review","Needs original confirmation"
"what size battery for a 10kw system","/what-size-battery-for-a-10kw-system/","featured","","","previous verified match","/assets/blog/what-size-battery-for-a-10kw-system/featured.jpg","exact local upload","exact","1","review","Needs original confirmation"
"What Size Battery Do I Need for a 6.6 kW Solar System? A Complete Guide to Solar Battery Capacity &amp; Energy Storage Sizing","/what-size-battery-do-i-need-for-a-6-6kw-solar-system/","featured","","","Solar-Panel-Battery.webp","/assets/blog/what-size-battery-do-i-need-for-a-6-6kw-solar-system/featured.webp","temporary/relevance fallback","medium/uncertain","1","review","Needs original confirmation"
"What Is The Solar Rebate In Australia?","/what-is-the-solar-rebate-in-australia/","featured","","","Solar-Panel-Rebates.png","/assets/blog-images/what-is-the-solar-rebate-in-australia/featured.webp","temporary/relevance fallback","medium/uncertain","1","review","Replaced/local match"
"All About Electric Vehicles","/all-about-electric-vehicles/","featured","","","Electric-Vehicles.png","/assets/blog-images/all-about-electric-vehicles/featured.jpg","temporary/relevance fallback","medium/uncertain","1","review","Replaced/local match"
"Unlocking the Full Potential of Solar: Advantages of Solar System Installed in Three-Phase Power","/advantages-of-solar-system-installed-in-three-phase-power/","featured","","","Solar-Panel-installation.png","/assets/blog/advantages-of-solar-system-installed-in-three-phase-power/featured.png","temporary/relevance fallback","medium/uncertain","1","review","Needs original confirmation"
"Advantages Of Solar Energy","/advantages-of-solar-energy/","featured","","","Latest-Advancement-and-Potential-Impacts-on-Solar-Technology.jpg","/assets/blog-images/advantages-of-solar-energy/featured.jpg","temporary/relevance fallback","medium/uncertain","1","review","Replaced/local match"
"8kW Solar System Price: Cost, Benefits, and Savings Potential","/8-kw-solar-panel-system/","featured","","","previous verified match","/assets/blog/8-kw-solar-panel-system/featured.png","exact local upload","exact","1","review","Needs original confirmation"
"Understanding the 6kW Solar Battery Cost in Australia: What You Need to Know in 2025","/6kw-solar-battery-cost-in-australia/","featured","","","Solar-Panel-Battery.webp","/assets/blog/6kw-solar-battery-cost-in-australia/featured.webp","temporary/relevance fallback","medium/uncertain","1","review","Needs original confirmation"
"6kW Solar Battery Cost: Everything You Need to Know in 2025","/6kw-solar-battery-cost/","featured","","","Solar-Panel-Battery.webp","/assets/blog/6kw-solar-battery-cost/featured.webp","temporary/relevance fallback","medium/uncertain","1","review","Needs original confirmation"
"What Is Solar Feed-In Tariff","/what-is-solar-feed-in-tariff/","featured","","","previous verified match","/assets/blog-images/what-is-solar-feed-in-tariff/featured.jpg","exact local upload","exact","1","review","Replaced/local match"
"6.6kW vs 10kW solar system","/6-6kw-vs-10kw-solar-system/","featured","","","5-kw-Solar-System.png","/assets/blog/6-6kw-vs-10kw-solar-system/featured.png","temporary/relevance fallback","medium/uncertain","1","review","Needs original confirmation"
"6.6kW Solar System with 5kW Inverter Price: Is It the Smartest Solar Investment for Your Home?","/6-6kw-solar-system-with-5kw-inverter-price/","featured","","","Inverters-Convert-The-Energy-To-Electricity.png","/assets/blog/6-6kw-solar-system-with-5kw-inverter-price/featured.png","temporary/relevance fallback","medium/uncertain","1","review","Needs original confirmation"
"What Is Solar Energy","/what-is-solar-energy/","featured","","","Latest-Advancement-and-Potential-Impacts-on-Solar-Technology.jpg","/assets/blog-images/what-is-solar-energy/featured.jpg","temporary/relevance fallback","medium/uncertain","1","review","Replaced/local match"
"6.6kW solar system price NSW","/6-6kw-solar-system-price-nsw/","featured","","","5-kw-Solar-System.png","/assets/blog-images/6-6kw-solar-system-price-nsw/featured.webp","temporary/relevance fallback","medium/uncertain","1","review","Replaced/local match"
"What is a Hybrid Inverter? A Complete Guide to Smarter Solar Power","/what-is-a-hybrid-inverter/","featured","","","Inverters-Convert-The-Energy-To-Electricity.png","/assets/blog/what-is-a-hybrid-inverter/featured.png","temporary/relevance fallback","medium/uncertain","1","review","Needs original confirmation"
"6.6kW Solar System Price Adelaide: Cost, Rebates &amp; Best Solar Deals in 2025","/6-6kw-solar-system-price-adelaide/","featured","","","Solar-Panel-Rebates.png","/assets/blog/6-6kw-solar-system-price-adelaide/featured.png","temporary/relevance fallback","medium/uncertain","1","review","Needs original confirmation"
"What is A 6.6 kW Solar System?","/what-is-a-6-6-kw-solar-system/","featured","","","5-kw-Solar-System.png","/assets/blog-images/what-is-a-6-6-kw-solar-system/featured.png","temporary/relevance fallback","medium/uncertain","1","review","Replaced/local match"
"How Much Power Does a 6.6 kW Solar System Produce? A Complete Guide to Solar Energy Output in Australia","/6-6-kw-solar-system-power-output/","featured","","","5-kw-Solar-System.png","/assets/blog/6-6-kw-solar-system-power-output/featured.png","temporary/relevance fallback","medium/uncertain","1","review","Needs original confirmation"
"what is a 10kw solar system","/what-is-a-10kw-solar-system/","featured","","","previous verified match","/assets/blog/what-is-a-10kw-solar-system/featured.jpg","exact local upload","exact","1","review","Needs original confirmation"
"How Much Does a 6.6kW Solar System Cost in Australia?","/6-6-kw-solar-system-cost-australia/","featured","","","5-kw-Solar-System.png","/assets/blog/6-6-kw-solar-system-cost-australia/featured.png","temporary/relevance fallback","medium/uncertain","1","review","Needs original confirmation"
"What Are the Best Solar Panels in Australia? A Complete 2025 Guide","/what-are-the-best-solar-panels-in-australia/","featured","","","residential-solar-panel.png","/assets/blog-images/what-are-the-best-solar-panels-in-australia/featured.jpg","temporary/relevance fallback","medium/uncertain","1","review","Replaced/local match"
"5kW Solar System Battery Backup: The Ultimate Guide to Energy Independence","/5kw-solar-system-battery-backup/","featured","","","Battery-Backup-is-Valuable-Feature.png","/assets/blog/5kw-solar-system-battery-backup/featured.png","temporary/relevance fallback","medium/uncertain","1","review","Needs original confirmation"
"5kW Solar Inverter Price Australia","/5kw-solar-inverter-price-australia/","featured","","","Inverters-Convert-The-Energy-To-Electricity.png","/assets/blog/5kw-solar-inverter-price-australia/featured.png","temporary/relevance fallback","medium/uncertain","1","review","Needs original confirmation"
"What Are The Best Solar Panels","/what-are-the-best-solar-panels/","featured","","","previous verified match","/assets/blog/what-are-the-best-solar-panels/featured.jpg","exact local upload","exact","1","review","Needs original confirmation"
"What Are Solar Panel Batteries and What Are They Used For?","/what-are-solar-panel-batteries-and-what-are-they-used-for/","featured","","","Solar-Panel-Battery.webp","/assets/blog/what-are-solar-panel-batteries-and-what-are-they-used-for/featured.webp","temporary/relevance fallback","medium/uncertain","1","review","Needs original confirmation"
"How to Save Energy and Reduce Your Electricity Bill: Effective Tips and Solutions","/ways-to-save-energy-consumption/","featured","","","previous verified match","/assets/blog/ways-to-save-energy-consumption/featured.jpg","exact local upload","exact","1","review","Needs original confirmation"
"5kw solar battery price","/5kw-solar-battery-price/","featured","","","previous verified match","/assets/blog-images/5kw-solar-battery-price/featured.webp","exact local upload","exact","1","review","Replaced/local match"
"5kw off-grid solar system","/5kw-off-grid-solar-system/","featured","","","previous verified match","/assets/blog/5kw-off-grid-solar-system/featured.jpg","exact local upload","exact","1","review","Needs original confirmation"
"Unlocking the Benefits of a 6.6kW Solar System in Australia: Your Path to Energy Savings and Sustainability","/unlocking-the-benefits-of-a-6-6kw-solar-system-in-australia-your-path-to-energy-savings-and-sustainability-2/","featured","","","5-kw-Solar-System.png","/assets/blog/unlocking-the-benefits-of-a-6-6kw-solar-system-in-australia-your-path-to-energy-savings-and-sustainability-2/featured.png","temporary/relevance fallback","medium/uncertain","1","review","Needs original confirmation"
"All About 5 kw Solar System Output, Cost and Roi","/5-kw-solar-system/","featured","","","5-kw-Solar-System.png","/assets/blog-images/5-kw-solar-system/featured.png","temporary/relevance fallback","medium/uncertain","1","review","Replaced/local match"
"13.2kW Solar System Price in Australia: Complete Cost Breakdown, Benefits &amp; Payback (2025 Guide)","/13-2kw-solar-system-price/","featured","","","Cost-Savings-on-Energy-Bills.png","/assets/blog/13-2kw-solar-system-price/featured.png","temporary/relevance fallback","medium/uncertain","1","review","Needs original confirmation"
"Unlocking the Benefits of a 6.6kW Solar System in Australia: Your Path to Energy Savings and Sustainability","/unlocking-the-benefits-of-a-6-6kw-solar-system-in-australia-your-path-to-energy-savings-and-sustainability/","featured","","","5-kw-Solar-System.png","/assets/blog/unlocking-the-benefits-of-a-6-6kw-solar-system-in-australia-your-path-to-energy-savings-and-sustainability/featured.png","temporary/relevance fallback","medium/uncertain","1","review","Needs original confirmation"
"10kW vs 13kW solar system","/10kw-vs-13kw-solar-system/","featured","","","5-kw-Solar-System.png","/assets/blog/10kw-vs-13kw-solar-system/featured.png","temporary/relevance fallback","medium/uncertain","1","review","Needs original confirmation"
"Types Of Solar Panels","/types-of-solar-panels/","featured","","","residential-solar-panel.png","/assets/blog-images/types-of-solar-panels/featured.jpg","temporary/relevance fallback","medium/uncertain","1","review","Replaced/local match"
"10kW Solar System With Battery Price in Australia (2025 Guide)","/10kw-solar-system-with-battery-price/","featured","","","Solar-Panel-Battery.webp","/assets/blog/10kw-solar-system-with-battery-price/featured.webp","temporary/relevance fallback","medium/uncertain","1","review","Needs original confirmation"
"trina solar panels vs jinko","/trina-solar-panels-vs-jinko/","featured","","","previous verified match","/assets/blog/trina-solar-panels-vs-jinko/featured.avif","exact local upload","exact","1","review","Needs original confirmation"
"10kW Solar System Price","/10kw-solar-system-price/","featured","","","5-kw-Solar-System.png","/assets/blog-images/10kw-solar-system-price/featured.png","temporary/relevance fallback","medium/uncertain","1","review","Replaced/local match"
"10kW Solar System Cost: A Complete Guide to Pricing, Savings, and Installation","/10kw-solar-system-cost/","featured","","","Solar-Panel-installation.png","/assets/blog/10kw-solar-system-cost/featured.png","temporary/relevance fallback","medium/uncertain","1","review","Needs original confirmation"
"Trina Solar Panels Review","/trina-solar-panels-review/","featured","","","previous verified match","/assets/blog/trina-solar-panels-review/featured.jpg","exact local upload","exact","1","review","Needs original confirmation"
"10kW Solar Inverter","/10kw-solar-inverter/","featured","","","Inverters-Convert-The-Energy-To-Electricity.png","/assets/blog-images/10kw-solar-inverter/featured.webp","temporary/relevance fallback","medium/uncertain","1","review","Replaced/local match"
"10kw Solar Battery Price","/10kw-solar-battery-price/","featured","","","Solar-Panel-Battery.webp","/assets/blog-images/10kw-solar-battery-price/featured.webp","temporary/relevance fallback","medium/uncertain","1","review","Replaced/local match"
"Monitor Your Solar System","/tracking-solar-system-home-energy-management-system/","featured","","","previous verified match","/assets/blog/tracking-solar-system-home-energy-management-system/featured.jpg","exact local upload","exact","1","review","Needs original confirmation"
"","/10998/","featured","","","Latest-Advancement-and-Potential-Impacts-on-Solar-Technology.jpg","/assets/blog/10998/featured.jpg","temporary/relevance fallback","medium/uncertain","1","review","Needs original confirmation"
"All About 10 Kw Solar Panel System: Cost, Roi and Output","/10-kw-solar-panel-system/","featured","","","5-kw-Solar-System.png","/assets/blog-images/10-kw-solar-panel-system/featured.png","temporary/relevance fallback","medium/uncertain","1","review","Replaced/local match"
"Top Solar Panel Brands for 6.6 KW Systems in Australia (2025 Guide)","/top-solar-panel-brands-6-6-kw-australia/","featured","","","5-kw-Solar-System.png","/assets/blog/top-solar-panel-brands-6-6-kw-australia/featured.png","temporary/relevance fallback","medium/uncertain","1","review","Needs original confirmation"
"Top 10 Solar Panels In Australia","/top-10-solar-panels-in-australia/","featured","","","residential-solar-panel.png","/assets/blog-images/top-10-solar-panels-in-australia/featured.webp","temporary/relevance fallback","medium/uncertain","1","review","Replaced/local match"
"Top 10 Solar Inverters In Australia","/top-10-solar-inverters-in-australia/","featured","","","previous verified match","/assets/blog/top-10-solar-inverters-in-australia/featured.png","exact local upload","exact","1","review","Needs original confirmation"
"Best Solar System for Home: The Ultimate Guide to Residential Solar Solutions","/best-solar-system-for-home/","featured","","","residential-solar-panel.png","/assets/blog/best-solar-system-for-home/featured.png","temporary/relevance fallback","medium/uncertain","1","review","Needs original confirmation"
"Best Solar Panels Sydney (2025 Comprehensive Guide)","/best-solar-panels-sydney/","featured","","","residential-solar-panel.png","/assets/blog/best-solar-panels-sydney/featured.png","temporary/relevance fallback","medium/uncertain","1","review","Needs original confirmation"
"Best Solar Panels Australia 2025: Expert Comparison, Prices &amp; Buying Guide","/best-solar-panels-in-australia/","featured","","","Cost-Savings-on-Energy-Bills.png","/assets/blog/best-solar-panels-in-australia/featured.png","temporary/relevance fallback","medium/uncertain","1","review","Needs original confirmation"
"Best Solar Panels Australia","/best-solar-panels-australia/","featured","","","previous verified match","/assets/blog/best-solar-panels-australia/featured.webp","exact local upload","exact","1","review","Needs original confirmation"
"Best Solar Panels Australia","/best-solar-panels/","featured","","","residential-solar-panel.png","/assets/blog-images/best-solar-panels/featured.png","temporary/relevance fallback","medium/uncertain","1","review","Replaced/local match"
"Best Solar Installer Brisbane: Top 7 Certified Companies for 2025","/best-solar-installer-brisbane/","featured","","","Solar-Panel-installation.png","/assets/blog/best-solar-installer-brisbane/featured.png","temporary/relevance fallback","medium/uncertain","1","review","Needs original confirmation"
"Best Solar Feed-In Tariff Nsw","/best-solar-feed-in-tariff-nsw/","featured","","","What-Is-Solar-Feed-In-Tariff.jpg","/assets/blog-images/best-solar-feed-in-tariff-nsw/featured.jpg","temporary/relevance fallback","medium/uncertain","1","review","Replaced/local match"
"Best Solar Feed-in Tariff Brisbane: Maximize Your Solar Savings","/best-solar-feed-in-tariff-brisbane/","featured","","","What-Is-Solar-Feed-In-Tariff.jpg","/assets/blog/best-solar-feed-in-tariff-brisbane/featured.jpg","temporary/relevance fallback","medium/uncertain","1","review","Needs original confirmation"
"Best Solar Company in WA","/best-solar-company-wa/","featured","","","previous verified match","/assets/blog/best-solar-company-wa/featured.png","exact local upload","exact","1","review","Needs original confirmation"
"Best Solar Companies NSW, Australia","/best-solar-companies-nsw-australia/","featured","","","previous verified match","/assets/blog/best-solar-companies-nsw-australia/featured.webp","exact local upload","exact","1","review","Needs original confirmation"
"Top 10 Solar Companies in Australia for 2025","/best-solar-companies-in-australia/","featured","","","previous verified match","/assets/blog/best-solar-companies-in-australia/featured.webp","exact local upload","exact","1","review","Needs original confirmation"
"Top 10 Solar Companies in Sydney (2025 Edition)","/top-10-solar-companies-in-sydney/","featured","","","Latest-Advancement-and-Potential-Impacts-on-Solar-Technology.jpg","/assets/blog/top-10-solar-companies-in-sydney/featured.jpg","temporary/relevance fallback","medium/uncertain","1","review","Needs original confirmation"
"Best Solar Battery Storage 2026: Complete Guide to the Top Home Battery Systems","/best-solar-battery-storage-2026/","featured","","","previous verified match","/assets/blog/best-solar-battery-storage-2026/featured.jpg","exact local upload","exact","1","review","Needs original confirmation"
"Top 10 Solar Companies In Perth","/top-10-solar-companies-in-perth/","featured","","","Latest-Advancement-and-Potential-Impacts-on-Solar-Technology.jpg","/assets/blog/top-10-solar-companies-in-perth/featured.jpg","temporary/relevance fallback","medium/uncertain","1","review","Needs original confirmation"
"Best Solar Battery In Australia","/best-solar-battery-in-australia/","featured","","","Solar-Panel-Battery.webp","/assets/blog-images/best-solar-battery-in-australia/featured.png","temporary/relevance fallback","medium/uncertain","1","review","Replaced/local match"
"Top 10 solar Companies In Australia","/top-10-solar-companies-in-australia/","featured","","","Latest-Advancement-and-Potential-Impacts-on-Solar-Technology.jpg","/assets/blog/top-10-solar-companies-in-australia/featured.jpg","temporary/relevance fallback","medium/uncertain","1","review","Needs original confirmation"
"Best Solar Batteries Australia: 2025 Expert Guide to Top Energy Storage Systems","/best-solar-batteries-australia/","featured","","","Latest-Advancement-and-Potential-Impacts-on-Solar-Technology.jpg","/assets/blog/best-solar-batteries-australia/featured.jpg","temporary/relevance fallback","medium/uncertain","1","review","Needs original confirmation"
"Tindo Solar Reviews","/tindo-solar-reviews/","featured","","","Latest-Advancement-and-Potential-Impacts-on-Solar-Technology.jpg","/assets/blog/tindo-solar-reviews/featured.jpg","temporary/relevance fallback","medium/uncertain","1","review","Needs original confirmation"
"The Best Quality Solar Panels in Australia: A Comprehensive Guide for 2025","/best-quality-solar-panels-in-australia/","featured","","","residential-solar-panel.png","/assets/blog-images/best-quality-solar-panels-in-australia/featured.webp","temporary/relevance fallback","medium/uncertain","1","review","Replaced/local match"
"best inverter for 10kw solar system","/best-inverter-for-10kw-solar-system/","featured","","","previous verified match","/assets/blog/best-inverter-for-10kw-solar-system/featured.jpg","exact local upload","exact","1","review","Needs original confirmation"
"best home batteries australia","/best-home-batteries-australia/","featured","","","previous verified match","/assets/blog/best-home-batteries-australia/featured.jpg","exact local upload","exact","1","review","Needs original confirmation"
"Best Angle for Solar Panels: A Comprehensive Guide to Optimizing Solar Efficiency","/best-angle-for-solar-panels/","featured","","","Solar-Panel-Temperature-Coefficient.png","/assets/blog/best-angle-for-solar-panels/featured.png","temporary/relevance fallback","medium/uncertain","1","review","Needs original confirmation"
"Best 10kW Solar Battery Price in Australia (2025 Guide)","/best-10kw-solar-battery-price-australia/","featured","","","Solar-Panel-Battery.webp","/assets/blog/best-10kw-solar-battery-price-australia/featured.webp","temporary/relevance fallback","medium/uncertain","1","review","Needs original confirmation"
"Benefits Of Solar Panels","/benefits-of-solar-panels/","featured","","","residential-solar-panel.png","/assets/blog-images/benefits-of-solar-panels/featured.jpg","temporary/relevance fallback","medium/uncertain","1","review","Replaced/local match"
"Benefits Of A 6.6 KW Solar System In Australia","/benefits-of-a-6-6-kw-solar-system-in-australia/","featured","","","5-kw-Solar-System.png","/assets/blog-images/benefits-of-a-6-6-kw-solar-system-in-australia/featured.png","temporary/relevance fallback","medium/uncertain","1","review","Replaced/local match"
"Switching to Solar Panels in Australia will help to lower your bills","/switching-to-solar-panels-in-australia/","featured","","","solar-water-heater-solar-panel-installed-dollar-bills-roof-white-background-3d-rendering_476612-8227.jpg","/assets/blog/switching-to-solar-panels-in-australia/featured.jpg","temporary/relevance fallback","medium/uncertain","1","review","Needs original confirmation"
"Unlocking the Benefits of a 6.6kW Solar System in Australia: Your Path to Energy Savings and Sustainability","/benefits-of-6-6-kw-solar-system-australia/","featured","","","5-kw-Solar-System.png","/assets/blog/benefits-of-6-6-kw-solar-system-australia/featured.png","temporary/relevance fallback","medium/uncertain","1","review","Needs original confirmation"
"Average Electricity Bill in Perth: Costs, Comparisons, and Ways to Save","/average-electricity-bill-perth/","featured","","","solar-water-heater-solar-panel-installed-dollar-bills-roof-white-background-3d-rendering_476612-8227.jpg","/assets/blog/average-electricity-bill-perth/featured.jpg","temporary/relevance fallback","medium/uncertain","1","review","Needs original confirmation"
"Suntech Solar Panels Review","/suntech-solar-panels-review/","featured","","","residential-solar-panel.png","/assets/blog-images/suntech-solar-panels-review/featured.jpg","temporary/relevance fallback","medium/uncertain","1","review","Replaced/local match"
"Average Electricity Bill For 2 Person Household","/average-electricity-bill-for-2-person-household/","featured","","","solar-water-heater-solar-panel-installed-dollar-bills-roof-white-background-3d-rendering_476612-8227.jpg","/assets/blog/average-electricity-bill-for-2-person-household/featured.jpg","temporary/relevance fallback","medium/uncertain","1","review","Needs original confirmation"
"SunPower Solar Panels: The Ultimate Guide to Efficiency, Warranty, and Energy Output","/sunpower-solar-panels/","featured","","","Solar-Panel-Temperature-Coefficient.png","/assets/blog/sunpower-solar-panels/featured.png","temporary/relevance fallback","medium/uncertain","1","review","Needs original confirmation"
"Average Electricity Bill Brisbane: A Complete Guide to Energy Costs &amp; Savings","/average-electricity-bill-brisbane/","featured","","","solar-water-heater-solar-panel-installed-dollar-bills-roof-white-background-3d-rendering_476612-8227.jpg","/assets/blog/average-electricity-bill-brisbane/featured.jpg","temporary/relevance fallback","medium/uncertain","1","review","Needs original confirmation"
"Australian Solar Battery Rebate: A Complete 2026 Guide","/australian-solar-battery-rebate/","featured","","","battery-rebate-in-2026.webp","/assets/blog/australian-solar-battery-rebate/featured.webp","temporary/relevance fallback","medium/uncertain","1","review","Needs original confirmation"
"Australia Online Casino Patterns: A Specialist&#39;s Insight","/australia-online-casino-patterns-a-specialist-s-insight/","featured","","","Latest-Advancement-and-Potential-Impacts-on-Solar-Technology.jpg","/assets/blog/australia-online-casino-patterns-a-specialist-s-insight/featured.jpg","temporary/relevance fallback","medium/uncertain","1","review","Needs original confirmation"
"Astronergy Solar Panels Review: A Complete Guide to Performance, Efficiency &amp; Warranty","/astronergy-solar-panels-review/","featured","","","Solar-Panel-Temperature-Coefficient.png","/assets/blog/astronergy-solar-panels-review/featured.png","temporary/relevance fallback","medium/uncertain","1","review","Needs original confirmation"
"are trina solar panels any good","/are-trina-solar-panels-any-good/","featured","","","previous verified match","/assets/blog/are-trina-solar-panels-any-good/featured.jpg","exact local upload","exact","1","review","Needs original confirmation"
"Are Solar Panels Recyclable","/are-solar-panels-recyclable/","featured","","","residential-solar-panel.png","/assets/blog-images/are-solar-panels-recyclable/featured.jpg","temporary/relevance fallback","medium/uncertain","1","review","Replaced/local match"
"Alpha ESS Battery Vs Tesla","/alpha-ess-battery-vs-tesla/","featured","","","previous verified match","/assets/blog-images/alpha-ess-battery-vs-tesla/featured.jpg","exact local upload","exact","1","review","Replaced/local match"
"Solis Inverters Review: A Comprehensive Guide to Efficiency, Durability, and Performance","/all-about-solis-inverter-and-review/","featured","","","Solis-Inverter-review.png","/assets/blog/all-about-solis-inverter-and-review/featured.png","temporary/relevance fallback","medium/uncertain","1","review","Needs original confirmation"
"EV Charger Installation Cost in Australia: Your Complete Guide to Affordable Charging Solutions","/ev-charger-installation-cost/","featured","","","Electric-Vehicles.png","/assets/blog/ev-charger-installation-cost/featured.png","temporary/relevance fallback","medium/uncertain","1","review","Needs original confirmation"
"enphase vs fronius","/enphase-vs-fronius/","featured","","","previous verified match","/assets/blog/enphase-vs-fronius/featured.jpg","exact local upload","exact","1","review","Needs original confirmation"
"Electricity Prices in South Australia: 2025 Trends, Cost Comparisons &amp; How Solar Can Maximize Your ROI","/electricity-prices-in-south-australia/","featured","","","solar-water-heater-solar-panel-installed-dollar-bills-roof-white-background-3d-rendering_476612-8227.jpg","/assets/blog/electricity-prices-in-south-australia/featured.jpg","temporary/relevance fallback","medium/uncertain","1","review","Needs original confirmation"
"Electricity Charges Per KWh","/electricity-charges-per-kwh/","featured","","","solar-water-heater-solar-panel-installed-dollar-bills-roof-white-background-3d-rendering_476612-8227.jpg","/assets/blog/electricity-charges-per-kwh/featured.jpg","temporary/relevance fallback","medium/uncertain","1","review","Needs original confirmation"
"Does Your Solar System Need Maintenance? A Complete Guide to Cleaning, Servicing &amp; System Health","/does-your-solar-system-need-maintenance/","featured","","","cleaning-solar-panels.png","/assets/blog/does-your-solar-system-need-maintenance/featured.png","temporary/relevance fallback","medium/uncertain","1","review","Needs original confirmation"
"Do Solar Panels Work At Night","/do-solar-panels-work-at-night/","featured","","","Solar-Panel-Temperature-Coefficient.png","/assets/blog/do-solar-panels-work-at-night/featured.png","temporary/relevance fallback","medium/uncertain","1","review","Needs original confirmation"
"Do Solar Panels Need Direct Sunlight to Work Efficiently? Uncover the Truth About Shade, Clouds, and Solar Power","/do-solar-panels-need-direct-sunlight/","featured","","","Solar-Panel-Temperature-Coefficient.png","/assets/blog/do-solar-panels-need-direct-sunlight/featured.png","temporary/relevance fallback","medium/uncertain","1","review","Needs original confirmation"
"Discovering Constraints in Best Online Casino Australia","/discovering-constraints-in-best-online-casino-australia/","featured","","","Latest-Advancement-and-Potential-Impacts-on-Solar-Technology.jpg","/assets/blog/discovering-constraints-in-best-online-casino-australia/featured.jpg","temporary/relevance fallback","medium/uncertain","1","review","Needs original confirmation"
"The Disadvantages of Solar Energy: What You Need to Know Before Going Solar in 2025","/disadvantages-of-solar-energy/","featured","","","Latest-Advancement-and-Potential-Impacts-on-Solar-Technology.jpg","/assets/blog/disadvantages-of-solar-energy/featured.jpg","temporary/relevance fallback","medium/uncertain","1","review","Needs original confirmation"
"Determining the Ideal Solar System Size for Your Australian Home in 2026","/determining-the-ideal-solar-system-size-for-your-australian-home-in-2026/","featured","","","5-kw-Solar-System.png","/assets/blog/determining-the-ideal-solar-system-size-for-your-australian-home-in-2026/featured.png","temporary/relevance fallback","medium/uncertain","1","review","Needs original confirmation"
"Das Solar Panels Review","/das-solar-panels-review/","featured","","","residential-solar-panel.png","/assets/blog-images/das-solar-panels-review/featured.jpg","temporary/relevance fallback","medium/uncertain","1","review","Replaced/local match"
"Cryptoslots Canada guide for secure crypto play","/cryptoslots-canada-guide-for-secure-crypto-play/","featured","","","Latest-Advancement-and-Potential-Impacts-on-Solar-Technology.jpg","/assets/blog/cryptoslots-canada-guide-for-secure-crypto-play/featured.jpg","temporary/relevance fallback","medium/uncertain","1","review","Needs original confirmation"
"Sungrow vs GoodWe: The Ultimate Solar Inverter Comparison 2025","/sungrow-vs-goodwe/","featured","","","Inverters-Convert-The-Energy-To-Electricity.png","/assets/blog/sungrow-vs-goodwe/featured.png","temporary/relevance fallback","medium/uncertain","1","review","Needs original confirmation"
"Sungrow Vs Fronius","/sungrow-vs-fronius/","featured","","","Latest-Advancement-and-Potential-Impacts-on-Solar-Technology.jpg","/assets/blog/sungrow-vs-fronius/featured.jpg","temporary/relevance fallback","medium/uncertain","1","review","Needs original confirmation"
"Sungrow Inverter Review","/sungrow-inverter-review/","featured","","","Inverters-Convert-The-Energy-To-Electricity.png","/assets/blog-images/sungrow-inverter-review/featured.jpg","temporary/relevance fallback","medium/uncertain","1","review","Replaced/local match"
"Sungrow Battery Vs Tesla","/sungrow-battery-vs-tesla/","featured","","","Alpha-ESS-Battery-Vs-Tesla.jpg","/assets/blog/sungrow-battery-vs-tesla/featured.jpg","temporary/relevance fallback","medium/uncertain","1","review","Needs original confirmation"
"Sungrow Battery Review","/sungrow-battery-review/","featured","","","Solar-Panel-Battery.webp","/assets/blog/sungrow-battery-review/featured.webp","temporary/relevance fallback","medium/uncertain","1","review","Needs original confirmation"
"Steps of Solar Installation","/steps-solar-installation/","featured","","","Solar-Panel-installation.png","/assets/blog-images/steps-solar-installation/featured.jpg","temporary/relevance fallback","medium/uncertain","1","review","Replaced/local match"
"Sonnen Battery Price","/sonnen-battery-price/","featured","","","Solar-Panel-Battery.webp","/assets/blog/sonnen-battery-price/featured.webp","temporary/relevance fallback","medium/uncertain","1","review","Needs original confirmation"
"solis inverter vs fronius","/solis-inverter-vs-fronius/","featured","","","previous verified match","/assets/blog/solis-inverter-vs-fronius/featured.jpg","exact local upload","exact","1","review","Needs original confirmation"
"solaredge vs fronius","/solaredge-vs-fronius/","featured","","","previous verified match","/assets/blog/solaredge-vs-fronius/featured.avif","exact local upload","exact","1","review","Needs original confirmation"
"solaredge vs enphase","/solaredge-vs-enphase/","featured","","","previous verified match","/assets/blog/solaredge-vs-enphase/featured.avif","exact local upload","exact","1","review","Needs original confirmation"
"solaredge battery vs tesla powerwall","/solaredge-battery-vs-tesla-powerwall/","featured","","","previous verified match","/assets/blog/solaredge-battery-vs-tesla-powerwall/featured.jpg","exact local upload","exact","1","review","Needs original confirmation"
"Latest Solar Panel Technology","/solar-systems-advancement/","featured","","","residential-solar-panel.png","/assets/blog-images/solar-systems-advancement/featured.jpg","temporary/relevance fallback","medium/uncertain","1","review","Replaced/local match"
"Solar Rebate NSW 2026 Update: What Has Changed This Year?","/solar-rebate-nsw-2026-update/","featured","","","previous verified match","/assets/blog/solar-rebate-nsw-2026-update/featured.png","exact local upload","exact","1","review","Needs original confirmation"
"Solar Quotes Sydney NSW: How Homeowners in Sydney Are Cutting Electricity Bills with Smart Solar Deals","/solar-quotes-sydney-nsw/","featured","","","previous verified match","/assets/blog/solar-quotes-sydney-nsw/featured.jpg","exact local upload","exact","1","review","Needs original confirmation"
"Solar Power Systems Prices","/solar-power-systems-prices/","featured","","","Cost-Savings-on-Energy-Bills.png","/assets/blog-images/solar-power-systems-prices/featured.jpg","temporary/relevance fallback","medium/uncertain","1","review","Replaced/local match"
"Solar Performance in Winter Season!","/solar-performance-winter-season/","featured","","","previous verified match","/assets/blog-images/solar-performance-winter-season/featured.jpg","exact local upload","exact","1","review","Replaced/local match"
"Solar Panels vs Electricity Bills: Understanding Potential Savings","/solar-panels-vs-electricity-bills-savings/","featured","","","","/assets/blog-images/solar-panels-vs-electricity-bills-savings/featured.png","temporary/relevance fallback","medium/uncertain","1","review","Replaced/local match"
"Solar Panels Sunshine Coast â€“ The Ultimate Guide to Cost, Rebates &amp; Installation","/solar-panels-sunshine-coast/","featured","","","Solar-Panel-Rebates.png","/assets/blog/solar-panels-sunshine-coast/featured.png","temporary/relevance fallback","medium/uncertain","1","review","Needs original confirmation"
"solar panels not working","/solar-panels-not-working/","featured","","","previous verified match","/assets/blog/solar-panels-not-working/featured.avif","exact local upload","exact","1","review","Needs original confirmation"
"Why Solar Panels Are Best To Install In Spring?","/solar-panels-install-spring/","featured","","","previous verified match","/assets/blog/solar-panels-install-spring/featured.png","exact local upload","exact","1","review","Needs original confirmation"
"Which Solar Panels Are Right for Your Home?","/solar-panels-for-your-home/","featured","","","residential-solar-panel.png","/assets/blog/solar-panels-for-your-home/featured.png","temporary/relevance fallback","medium/uncertain","1","review","Needs original confirmation"
"Solar Panels FAQs: Sydney","/solar-panels-faqs/","featured","","","previous verified match","/assets/blog/solar-panels-faqs/featured.png","exact local upload","exact","1","review","Needs original confirmation"
"Solar Panels Cost Sydney","/solar-panels-cost-sydney/","featured","","","Cost-Savings-on-Energy-Bills.png","/assets/blog-images/solar-panels-cost-sydney/featured.jpg","temporary/relevance fallback","medium/uncertain","1","review","Replaced/local match"
"Solar Panel Temperature Coefficient","/solar-panel-temperature-coefficient/","featured","","","previous verified match","/assets/blog-images/solar-panel-temperature-coefficient/featured.png","exact local upload","exact","1","review","Replaced/local match"
"Solar Panel System","/solar-panel-system/","featured","","","residential-solar-panel.png","/assets/blog-images/solar-panel-system/featured.png","temporary/relevance fallback","medium/uncertain","1","review","Replaced/local match"
"Solar Panel Subsidy","/solar-panel-subsidy/","featured","","","Solar-Panel-Rebates.png","/assets/blog-images/solar-panel-subsidy/featured.png","temporary/relevance fallback","medium/uncertain","1","review","Replaced/local match"
"Solar Panel Replacement","/solar-panel-replacement/","featured","","","residential-solar-panel.png","/assets/blog-images/solar-panel-replacement/featured.png","temporary/relevance fallback","medium/uncertain","1","review","Replaced/local match"
"Solar Panel Rebate QLD 2025: Save Big on Solar Energy Rebates Queensland","/solar-panel-rebate-qld/","featured","","","Solar-Panel-Rebates.png","/assets/blog/solar-panel-rebate-qld/featured.png","temporary/relevance fallback","medium/uncertain","1","review","Needs original confirmation"
"solar panel not charging battery","/solar-panel-not-charging-battery/","featured","","","previous verified match","/assets/blog/solar-panel-not-charging-battery/featured.avif","exact local upload","exact","1","review","Needs original confirmation"
"Solar Panel Maintenance","/solar-panel-maintenance-tips/","featured","","","Solar-Panel-Maintenance-Guide.png","/assets/blog-images/solar-panel-maintenance-tips/featured.png","temporary/relevance fallback","medium/uncertain","1","review","Replaced/local match"
"Solar Panel Maintenance Guide","/solar-panel-maintenance-guide/","featured","","","previous verified match","/assets/blog-images/solar-panel-maintenance-guide/featured.png","exact local upload","exact","1","review","Replaced/local match"
"Best Solar Feed-in Tariff Brisbane: Maximize Your Solar Savings","/cost-of-solar-panels-perth/","featured","","","What-Is-Solar-Feed-In-Tariff.jpg","/assets/blog/cost-of-solar-panels-perth/featured.jpg","temporary/relevance fallback","medium/uncertain","1","review","Needs original confirmation"
"Solar Panel Installation: What Homeowners Should Expect","/solar-panel-installation-guide/","featured","","","","/assets/blog-images/solar-panel-installation-guide/featured.webp","temporary/relevance fallback","medium/uncertain","1","review","Replaced/local match"
"Solar Panel In Sydney","/solar-panel-in-sydney/","featured","","","previous verified match","/assets/blog/solar-panel-in-sydney/featured.webp","exact local upload","exact","1","review","Needs original confirmation"
"Solar Panel Efficiency","/solar-panel-efficiency/","featured","","","Solar-Panel-Temperature-Coefficient.png","/assets/blog-images/solar-panel-efficiency/featured.jpg","temporary/relevance fallback","medium/uncertain","1","review","Replaced/local match"
"Solar panel disadvantages","/solar-panel-disadvantages/","featured","","","residential-solar-panel.png","/assets/blog-images/solar-panel-disadvantages/featured.png","temporary/relevance fallback","medium/uncertain","1","review","Replaced/local match"
"Solar Panel Cost","/solar-panel-cost/","featured","","","Cost-Savings-on-Energy-Bills.png","/assets/blog-images/solar-panel-cost/featured.png","temporary/relevance fallback","medium/uncertain","1","review","Replaced/local match"
"Solar Panel cleaning","/solar-panel-cleaning-guide/","featured","","","cleaning-solar-panels.png","/assets/blog-images/solar-panel-cleaning-guide/featured.jpg","temporary/relevance fallback","medium/uncertain","1","review","Replaced/local match"
"Solar Panel Cleaning - Forward Step For a Better Future!","/solar-panel-cleaning/","featured","","","cleaning-solar-panels.png","/assets/blog-images/solar-panel-cleaning/featured.webp","temporary/relevance fallback","medium/uncertain","1","review","Replaced/local match"
"The Ultimate Guide to Solar Panel and Battery Systems in Australia","/solar-panel-and-battery/","featured","","","Solar-Panel-Battery.webp","/assets/blog-images/solar-panel-and-battery/featured.webp","temporary/relevance fallback","medium/uncertain","1","review","Replaced/local match"
"Cost of solar panels on a home","/cost-of-solar-panels-on-a-home/","featured","","","Cost-Savings-on-Energy-Bills.png","/assets/blog-images/cost-of-solar-panels-on-a-home/featured.jpg","temporary/relevance fallback","medium/uncertain","1","review","Replaced/local match"
"Solar Inverters Explained: What They Do and Why They Matter","/solar-inverters-explained/","featured","","","","/assets/blog-images/solar-inverters-explained/featured.png","temporary/relevance fallback","medium/uncertain","1","review","Replaced/local match"
"A Comprehensive Guide to Solar Inverter Replacement: Costs, Signs, Steps &amp; Best Brands","/solar-inverter-replacement/","featured","","","Inverters-Convert-The-Energy-To-Electricity.png","/assets/blog/solar-inverter-replacement/featured.png","temporary/relevance fallback","medium/uncertain","1","review","Needs original confirmation"
"Cost of Solar Panels for a 4-Bedroom House in Australia (2025 Guide)","/cost-of-solar-panels-for-4-bedroom-house/","featured","","","Cost-Savings-on-Energy-Bills.png","/assets/blog/cost-of-solar-panels-for-4-bedroom-house/featured.png","temporary/relevance fallback","medium/uncertain","1","review","Needs original confirmation"
"Solar Inverter Repairs Perth: Essential Guide for Homeowners and Businesses","/solar-inverter-repairs-perth/","featured","","","commercial-solar-systems-10kw-379365895-734o8.webp","/assets/blog/solar-inverter-repairs-perth/featured.webp","temporary/relevance fallback","medium/uncertain","1","review","Needs original confirmation"
"Cost of Solar Panels Brisbane: A Complete Guide for 2025","/cost-of-solar-panels-brisbane/","featured","","","Cost-Savings-on-Energy-Bills.png","/assets/blog/cost-of-solar-panels-brisbane/featured.png","temporary/relevance fallback","medium/uncertain","1","review","Needs original confirmation"
"Cost Of Electricity In Sydney","/cost-of-electricity-sydney/","featured","","","solar-water-heater-solar-panel-installed-dollar-bills-roof-white-background-3d-rendering_476612-8227.jpg","/assets/blog/cost-of-electricity-sydney/featured.jpg","temporary/relevance fallback","medium/uncertain","1","review","Needs original confirmation"
"Solar Installation Process - NSW","/solar-installation-process/","featured","","","previous verified match","/assets/blog/solar-installation-process/featured.png","exact local upload","exact","1","review","Needs original confirmation"
"Cost Of Electricity In Australia Per KWh","/cost-of-electricity-in-australia-per-kwh/","featured","","","solar-water-heater-solar-panel-installed-dollar-bills-roof-white-background-3d-rendering_476612-8227.jpg","/assets/blog/cost-of-electricity-in-australia-per-kwh/featured.jpg","temporary/relevance fallback","medium/uncertain","1","review","Needs original confirmation"
"Solar Installation Cost","/solar-installation-cost/","featured","","","Solar-Panel-installation.png","/assets/blog-images/solar-installation-cost/featured.jpg","temporary/relevance fallback","medium/uncertain","1","review","Replaced/local match"
"Cost Of Battery For Solar Panels","/cost-of-battery-for-solar-panels/","featured","","","Solar-Panel-Battery.webp","/assets/blog-images/cost-of-battery-for-solar-panels/featured.webp","temporary/relevance fallback","medium/uncertain","1","review","Replaced/local match"
"Solar Financing Is a Good Idea? Different Options for Solar Loan Explained","/solar-financing-is-a-good-idea-different-options-for-solar-loan/","featured","","","Latest-Advancement-and-Potential-Impacts-on-Solar-Technology.jpg","/assets/blog/solar-financing-is-a-good-idea-different-options-for-solar-loan/featured.jpg","temporary/relevance fallback","medium/uncertain","1","review","Needs original confirmation"
"Cost of 13kw Solar System","/cost-of-13kw-solar-system/","featured","","","5-kw-Solar-System.png","/assets/blog-images/cost-of-13kw-solar-system/featured.png","temporary/relevance fallback","medium/uncertain","1","review","Replaced/local match"
"Solar Energy in Australia","/solar-energy-australia/","featured","","","previous verified match","/assets/blog/solar-energy-australia/featured.png","exact local upload","exact","1","review","Needs original confirmation"
"Common Myths To Avoid and The Reason Behind Solar Systems","/common-myths-avoid-reason-behind-solar-systems/","featured","","","Latest-Advancement-and-Potential-Impacts-on-Solar-Technology.jpg","/assets/blog-images/common-myths-avoid-reason-behind-solar-systems/featured.jpg","temporary/relevance fallback","medium/uncertain","1","review","Replaced/local match"
"Solar Companies Gold Coast","/solar-companies-gold-coast/","featured","","","Latest-Advancement-and-Potential-Impacts-on-Solar-Technology.jpg","/assets/blog-images/solar-companies-gold-coast/featured.webp","temporary/relevance fallback","medium/uncertain","1","review","Replaced/local match"
"Understanding Commercial Solar Panel Installation Cost in 2025: A Comprehensive Guide","/commercial-solar-panel-installation-cost/","featured","","","commercial-solar-systems-10kw-379365895-734o8.webp","/assets/blog/commercial-solar-panel-installation-cost/featured.webp","temporary/relevance fallback","medium/uncertain","1","review","Needs original confirmation"
"Solar Battery Price Perth â€“ Cost Breakdown, Best Options &amp; Savings","/solar-battery-price-perth/","featured","","","Solar-Panel-Battery.webp","/assets/blog/solar-battery-price-perth/featured.webp","temporary/relevance fallback","medium/uncertain","1","review","Needs original confirmation"
"Why Commercial Solar Companies Are Essential for Future-Ready Businesses","/commercial-solar-companies/","featured","","","commercial-solar-systems-10kw-379365895-734o8.webp","/assets/blog/commercial-solar-companies/featured.webp","temporary/relevance fallback","medium/uncertain","1","review","Needs original confirmation"
"Solar Battery Cost in Australia (2026): Complete Guide for Homeowners","/solar-battery-cost-in-australia-2026/","featured","","","previous verified match","/assets/blog/solar-battery-cost-in-australia-2026/featured.png","exact local upload","exact","1","review","Needs original confirmation"
"Charging an EV with Solar Panels","/charging-an-ev-with-solar-panels/","featured","","","Electric-Vehicles.png","/assets/blog-images/charging-an-ev-with-solar-panels/featured.jpg","temporary/relevance fallback","medium/uncertain","1","review","Replaced/local match"
"Solar Battery Cost","/solar-battery-cost/","featured","","","Solar-Panel-Battery.webp","/assets/blog-images/solar-battery-cost/featured.png","temporary/relevance fallback","medium/uncertain","1","review","Replaced/local match"
"Canadian Solar Panels Review","/canadian-solar-panels-review/","featured","","","residential-solar-panel.png","/assets/blog-images/canadian-solar-panels-review/featured.avif","temporary/relevance fallback","medium/uncertain","1","review","Replaced/local match"
"Solar Battery Adelaide","/solar-battery-adelaide/","featured","","","Solar-Panel-Battery.webp","/assets/blog-images/solar-battery-adelaide/featured.png","temporary/relevance fallback","medium/uncertain","1","review","Replaced/local match"
"Solar Batteries Price","/solar-batteries-price/","featured","","","Cost-Savings-on-Energy-Bills.png","/assets/blog-images/solar-batteries-price/featured.png","temporary/relevance fallback","medium/uncertain","1","review","Replaced/local match"
"can you add solar panels to existing system","/can-you-add-solar-panels-to-existing-system/","featured","","","previous verified match","/assets/blog/can-you-add-solar-panels-to-existing-system/featured.jpg","exact local upload","exact","1","review","Needs original confirmation"
"Solar Batteries: Is They Worth To Install?","/solar-batteries/","featured","","","previous verified match","/assets/blog/solar-batteries/featured.png","exact local upload","exact","1","review","Needs original confirmation"
"A Comprehensive Guide to Calculate the Cost of Installing a Solar Panel in Australia","/calculate-the-cost-of-installing-a-solar-panel/","featured","","","Solar-Panel-installation.png","/assets/blog/calculate-the-cost-of-installing-a-solar-panel/featured.png","temporary/relevance fallback","medium/uncertain","1","review","Needs original confirmation"
"Sofar Inverter Review","/sofar-inverter-review/","featured","","","previous verified match","/assets/blog/sofar-inverter-review/featured.jpg","exact local upload","exact","1","review","Needs original confirmation"
"Single-Phase Vs Three-Phase Solar Systems","/single-phase-vs-three-phase-solar-systems/","featured","","","previous verified match","/assets/blog/single-phase-vs-three-phase-solar-systems/featured.jpg","exact local upload","exact","1","review","Needs original confirmation"
"Byd Battery Vs Tesla Battery","/byd-battery-vs-tesla-battery/","featured","","","Alpha-ESS-Battery-Vs-Tesla.jpg","/assets/blog/byd-battery-vs-tesla-battery/featured.jpg","temporary/relevance fallback","medium/uncertain","1","review","Needs original confirmation"
"bird proofing solar panels","/bird-proofing-solar-panels/","featured","","","previous verified match","/assets/blog/bird-proofing-solar-panels/featured.jpg","exact local upload","exact","1","review","Needs original confirmation"
"shingled vs monocrystalline panels","/shingled-vs-monocrystalline-panels/","featured","","","previous verified match","/assets/blog/shingled-vs-monocrystalline-panels/featured.jpg","exact local upload","exact","1","review","Needs original confirmation"
"Biggest Solar Farm In Australia","/biggest-solar-farm-in-australia/","featured","","","previous verified match","/assets/blog/biggest-solar-farm-in-australia/featured.jpg","exact local upload","exact","1","review","Needs original confirmation"
"seraphim solar panels review","/seraphim-solar-panels-review/","featured","","","previous verified match","/assets/blog/seraphim-solar-panels-review/featured.jpg","exact local upload","exact","1","review","Needs original confirmation"
"Best Way To Clean Solar Panels","/best-way-to-clean-solar-panels/","featured","","","cleaning-solar-panels.png","/assets/blog-images/best-way-to-clean-solar-panels/featured.jpg","temporary/relevance fallback","medium/uncertain","1","review","Replaced/local match"
"SAJ Inverter Review: Comprehensive Insights on Features, Cost, Efficiency, and Performance in Australia","/saj-inverter-review/","featured","","","Solis-Inverter-review.png","/assets/blog/saj-inverter-review/featured.png","temporary/relevance fallback","medium/uncertain","1","review","Needs original confirmation"
"Best Solar System For Residential Projects in NSW","/best-solar-system-for-residential-projects-nsw/","featured","","","previous verified match","/assets/blog/best-solar-system-for-residential-projects-nsw/featured.webp","exact local upload","exact","1","review","Needs original confirmation"
"Risen Solar Panels vs Jinko: Which One Delivers Better Value for Australian Homes in 2025?","/risen-solar-panels-vs-jinko/","featured","","","residential-solar-panel.png","/assets/blog/risen-solar-panels-vs-jinko/featured.png","temporary/relevance fallback","medium/uncertain","1","review","Needs original confirmation"
"How Much Cost to Install Solar Panels in Australia: A Complete Guide","/how-much-cost-to-install-solar-panels/","featured","","","Solar-Panel-installation.png","/assets/blog-images/how-much-cost-to-install-solar-panels/featured.webp","temporary/relevance fallback","medium/uncertain","1","review","Replaced/local match"
"Risen Solar Panel Review: A Comprehensive Guide to Performance, Efficiency, and Pricing","/risen-solar-panel-review/","featured","","","Solar-Panel-Temperature-Coefficient.png","/assets/blog/risen-solar-panel-review/featured.png","temporary/relevance fallback","medium/uncertain","1","review","Needs original confirmation"
"How Much Are Solar Batteries in Australia? | 2025 Cost Breakdown &amp; Smart Buying Guide","/how-much-are-solar-batteries/","featured","","","Cost-Savings-on-Energy-Bills.png","/assets/blog/how-much-are-solar-batteries/featured.png","temporary/relevance fallback","medium/uncertain","1","review","Needs original confirmation"
"How Many Solar Panels for 10kW Solar System?","/how-many-solar-panels-for-10kw-2/","featured","","","5-kw-Solar-System.png","/assets/blog/how-many-solar-panels-for-10kw-2/featured.png","temporary/relevance fallback","medium/uncertain","1","review","Needs original confirmation"
"How Many Solar Panels For 10KW","/how-many-solar-panels-for-10kw/","featured","","","5-kw-Solar-System.png","/assets/blog-images/how-many-solar-panels-for-10kw/featured.jpg","temporary/relevance fallback","medium/uncertain","1","review","Replaced/local match"
"A Right Path To Choose The Solar in Sydney","/right-path-choose-solar-sydney/","featured","","","Latest-Advancement-and-Potential-Impacts-on-Solar-Technology.jpg","/assets/blog/right-path-choose-solar-sydney/featured.jpg","temporary/relevance fallback","medium/uncertain","1","review","Needs original confirmation"
"How Many Solar Panels Do I Need","/how-many-solar-panels-do-i-need/","featured","","","residential-solar-panel.png","/assets/blog/how-many-solar-panels-do-i-need/featured.png","temporary/relevance fallback","medium/uncertain","1","review","Needs original confirmation"
"How Many Panels In A 6.6KW Solar System","/how-many-panels-in-a-6-6kw-solar-system/","featured","","","5-kw-Solar-System.png","/assets/blog-images/how-many-panels-in-a-6-6kw-solar-system/featured.webp","temporary/relevance fallback","medium/uncertain","1","review","Replaced/local match"
"Refinancing House With Solar Panels","/refinancing-house-with-solar-panels/","featured","","","previous verified match","/assets/blog/refinancing-house-with-solar-panels/featured.png","exact local upload","exact","1","review","Needs original confirmation"
"how many panels in a 5kw system","/how-many-panels-in-a-5kw-system/","featured","","","previous verified match","/assets/blog/how-many-panels-in-a-5kw-system/featured.jpg","exact local upload","exact","1","review","Needs original confirmation"
"Reasons for getting Solar Panels","/reasons-for-getting-solar-panels/","featured","","","previous verified match","/assets/blog/reasons-for-getting-solar-panels/featured.png","exact local upload","exact","1","review","Needs original confirmation"
"How Many Panels in a 3kW Solar System? A Comprehensive Guide to Sizing and Installation","/how-many-panels-in-a-3kw-solar-system/","featured","","","Solar-Panel-installation.png","/assets/blog/how-many-panels-in-a-3kw-solar-system/featured.png","temporary/relevance fallback","medium/uncertain","1","review","Needs original confirmation"
"Questions To Be Asked To Solar Installers","/questions-asked-to-solar-installers/","featured","","","previous verified match","/assets/blog/questions-asked-to-solar-installers/featured.png","exact local upload","exact","1","review","Needs original confirmation"
"how many panels for 10kw system","/how-many-panels-for-10kw-system/","featured","","","previous verified match","/assets/blog/how-many-panels-for-10kw-system/featured.jpg","exact local upload","exact","1","review","Needs original confirmation"
"How Long Do Solar Panels Last","/how-long-do-solar-panels-last/","featured","","","residential-solar-panel.png","/assets/blog-images/how-long-do-solar-panels-last/featured.png","temporary/relevance fallback","medium/uncertain","1","review","Replaced/local match"
"Purchasing Power Through Co-Operatives","/purchasing-power-through-co-operatives/","featured","","","Latest-Advancement-and-Potential-Impacts-on-Solar-Technology.jpg","/assets/blog/purchasing-power-through-co-operatives/featured.jpg","temporary/relevance fallback","medium/uncertain","1","review","Needs original confirmation"
"How Does Solar Energy Work","/how-does-solar-energy-work/","featured","","","Latest-Advancement-and-Potential-Impacts-on-Solar-Technology.jpg","/assets/blog-images/how-does-solar-energy-work/featured.png","temporary/relevance fallback","medium/uncertain","1","review","Replaced/local match"
"How do you connect a solar panel to a battery","/how-do-you-connect-a-solar-panel-to-a-battery/","featured","","","Solar-Panel-Battery.webp","/assets/blog-images/how-do-you-connect-a-solar-panel-to-a-battery/featured.jpg","temporary/relevance fallback","medium/uncertain","1","review","Replaced/local match"
"How Do Solar Panels Work With Your Electric Bill? A Complete Guide for Homeowners","/how-do-solar-panels-work-with-your-electric-bill/","featured","","","solar-water-heater-solar-panel-installed-dollar-bills-roof-white-background-3d-rendering_476612-8227.jpg","/assets/blog/how-do-solar-panels-work-with-your-electric-bill/featured.jpg","temporary/relevance fallback","medium/uncertain","1","review","Needs original confirmation"
"How Do Solar Panels Work","/how-do-solar-panels-work/","featured","","","residential-solar-panel.png","/assets/blog-images/how-do-solar-panels-work/featured.jpg","temporary/relevance fallback","medium/uncertain","1","review","Replaced/local match"
"How Do Solar Inverters Work? A Complete Guide to Inverter Basics and Solar Electricity Flow","/how-do-solar-inverters-work/","featured","","","Inverters-Convert-The-Energy-To-Electricity.png","/assets/blog/how-do-solar-inverters-work/featured.png","temporary/relevance fallback","medium/uncertain","1","review","Needs original confirmation"
"Process to get the best excellent solar quotes","/process-to-get-best-excellent-solar-quotes/","featured","","","previous verified match","/assets/blog/process-to-get-best-excellent-solar-quotes/featured.png","exact local upload","exact","1","review","Needs original confirmation"
"How Are Solar Panels Made","/how-are-solar-panels-made/","featured","","","residential-solar-panel.png","/assets/blog-images/how-are-solar-panels-made/featured.webp","temporary/relevance fallback","medium/uncertain","1","review","Replaced/local match"
"Power Produced by Solar Panels","/power-produced-by-solar-panels/","featured","","","previous verified match","/assets/blog/power-produced-by-solar-panels/featured.png","exact local upload","exact","1","review","Needs original confirmation"
"How Can 6.6 KW Solar Systems Be Financed?","/how-6-6-kw-solar-systems-financed/","featured","","","5-kw-Solar-System.png","/assets/blog/how-6-6-kw-solar-systems-financed/featured.png","temporary/relevance fallback","medium/uncertain","1","review","Needs original confirmation"
"Unlocking the Power of Savings: Home Battery Scheme South Australia Explained","/home-battery-scheme-south-australia/","featured","","","Solar-Panel-Battery.webp","/assets/blog/home-battery-scheme-south-australia/featured.webp","temporary/relevance fallback","medium/uncertain","1","review","Needs original confirmation"
"Perth Solar Force Reviews: What Customers Really Think About This Perth Solar Installation Company","/perth-solar-force-reviews/","featured","","","Solar-Panel-installation.png","/assets/blog/perth-solar-force-reviews/featured.png","temporary/relevance fallback","medium/uncertain","1","review","Needs original confirmation"
"A Comprehensive Guide to Solar Panel Rebates in Australia for 2024","/guide-solar-panel-rebates-australia/","featured","","","Solar-Panel-Rebates.png","/assets/blog/guide-solar-panel-rebates-australia/featured.png","temporary/relevance fallback","medium/uncertain","1","review","Needs original confirmation"
"Origin Solar Feed In Tariff","/origin-solar-feed-in-tariff/","featured","","","What-Is-Solar-Feed-In-Tariff.jpg","/assets/blog/origin-solar-feed-in-tariff/featured.jpg","temporary/relevance fallback","medium/uncertain","1","review","Needs original confirmation"
"Guide To Maintain Solar System","/guide-maintain-solar-system/","featured","","","previous verified match","/assets/blog-images/guide-maintain-solar-system/featured.png","exact local upload","exact","1","review","Replaced/local match"
"Off Grid Solar Inverter: Powering Independent Solar Systems for a Self-Sufficient Future","/off-grid-solar-inverter/","featured","","","Inverters-Convert-The-Energy-To-Electricity.png","/assets/blog/off-grid-solar-inverter/featured.png","temporary/relevance fallback","medium/uncertain","1","review","Needs original confirmation"
"Expanded guide for choosing the right Solar panel system with Esteem Energy","/guide-for-choosing-the-right-solar-panel-system/","featured","","","residential-solar-panel.png","/assets/blog/guide-for-choosing-the-right-solar-panel-system/featured.png","temporary/relevance fallback","medium/uncertain","1","review","Needs original confirmation"
"Most Efficient Solar Systems to Install in The Home","/most-efficient-solar-systems-install-in-home/","featured","","","previous verified match","/assets/blog/most-efficient-solar-systems-install-in-home/featured.webp","exact local upload","exact","1","review","Needs original confirmation"
"A Beginner&#39;s Guide For Cleaning Solar Panels","/guide-cleaning-solar-panels/","featured","","","cleaning-solar-panels.png","/assets/blog-images/guide-cleaning-solar-panels/featured.jpg","temporary/relevance fallback","medium/uncertain","1","review","Replaced/local match"
"Growatt Inverter Review","/growatt-inverter-review/","featured","","","Inverters-Convert-The-Energy-To-Electricity.png","/assets/blog/growatt-inverter-review/featured.png","temporary/relevance fallback","medium/uncertain","1","review","Needs original confirmation"
"Maximizing Your Savings: The Ultimate Guide to 2026 Solar Panel Rebates","/maximizing-your-savings-the-ultimate-guide-to-2026-solar-panel-rebates/","featured","","","Solar-Panel-Rebates.png","/assets/blog/maximizing-your-savings-the-ultimate-guide-to-2026-solar-panel-rebates/featured.png","temporary/relevance fallback","medium/uncertain","1","review","Needs original confirmation"
"govt subsidies for 10kw system Australia","/govt-subsidies-for-10kw-system-australia/","featured","","","previous verified match","/assets/blog/govt-subsidies-for-10kw-system-australia/featured.jpg","exact local upload","exact","1","review","Needs original confirmation"
"Govt rebate solar panels","/govt-rebate-solar-panels/","featured","","","Solar-Panel-Rebates.png","/assets/blog-images/govt-rebate-solar-panels/featured.jpg","temporary/relevance fallback","medium/uncertain","1","review","Replaced/local match"
"longi vs jinko solar panels","/longi-vs-jinko-solar-panels/","featured","","","previous verified match","/assets/blog/longi-vs-jinko-solar-panels/featured.jpg","exact local upload","exact","1","review","Needs original confirmation"
"Unlocking Government Incentives for Installing a 6.6kW Solar System in Australia","/government-incentives-6-6-kw-solar-australia/","featured","","","Solar-Panel-Rebates.png","/assets/blog/government-incentives-6-6-kw-solar-australia/featured.png","temporary/relevance fallback","medium/uncertain","1","review","Needs original confirmation"
"Longi Solar Panels Review","/longi-solar-panels-review/","featured","","","residential-solar-panel.png","/assets/blog-images/longi-solar-panels-review/featured.jpg","temporary/relevance fallback","medium/uncertain","1","review","Replaced/local match"
"Why German Made Solar Panels are the Smart Choice for Australian Homeowners","/german-made-solar-panels/","featured","","","residential-solar-panel.png","/assets/blog/german-made-solar-panels/featured.png","temporary/relevance fallback","medium/uncertain","1","review","Needs original confirmation"
"The Ultimate Fronius Inverter Review: Models, Efficiency, Costs, and More","/fronius-inverter-review/","featured","","","fronius-inverter.webp","/assets/blog/fronius-inverter-review/featured.webp","temporary/relevance fallback","medium/uncertain","1","review","Needs original confirmation"
"Fox ESS Battery Review: Is This Solar Battery Worth It in 2026?","/fox-ess-battery-review/","featured","","","previous verified match","/assets/blog/fox-ess-battery-review/featured.jpg","exact local upload","exact","1","review","Needs original confirmation"
"Financing Rooftop Solar Energy System","/financing-rooftop-solar-energy-system/","featured","","","previous verified match","/assets/blog/financing-rooftop-solar-energy-system/featured.png","exact local upload","exact","1","review","Needs original confirmation"
"The Evolving Landscape of Solar Energy in Australia","/evolving-landscape-solar-energy-australia/","featured","","","Latest-Advancement-and-Potential-Impacts-on-Solar-Technology.jpg","/assets/blog-images/evolving-landscape-solar-energy-australia/featured.png","temporary/relevance fallback","medium/uncertain","1","review","Replaced/local match"
"Ev Charging Boosted With Solar Power","/ev-charging-boosted-with-solar-power/","featured","","","previous verified match","/assets/blog/ev-charging-boosted-with-solar-power/featured.png","exact local upload","exact","1","review","Needs original confirmation"
"How Much Will a 6.6kW Solar System Save Me in Australia? (2025 Guide)","/how-much-will-a-6-6kw-solar-system-save-me-2/","featured","","","5-kw-Solar-System.png","/assets/blog/how-much-will-a-6-6kw-solar-system-save-me-2/featured.png","temporary/relevance fallback","medium/uncertain","1","review","Needs original confirmation"
"How Much Will A 6.6kw Solar System Save Me","/how-much-will-a-6-6kw-solar-system-save-me/","featured","","","5-kw-Solar-System.png","/assets/blog/how-much-will-a-6-6kw-solar-system-save-me/featured.png","temporary/relevance fallback","medium/uncertain","1","review","Needs original confirmation"
"How Much Will a 5kW Solar System Save Me? A Comprehensive Guide to Solar Savings, Electricity Bill Reduction, and ROI","/how-much-will-a-5kw-solar-system-save-me/","featured","","","5-kw-Solar-System.png","/assets/blog/how-much-will-a-5kw-solar-system-save-me/featured.png","temporary/relevance fallback","medium/uncertain","1","review","Needs original confirmation"
"How Much Will a 10kW Solar System Save Me in Australia?","/how-much-will-a-10kw-solar-system-save-me/","featured","","","5-kw-Solar-System.png","/assets/blog/how-much-will-a-10kw-solar-system-save-me/featured.png","temporary/relevance fallback","medium/uncertain","1","review","Needs original confirmation"
"How Much Solar Do I Need","/how-much-solar-do-i-need/","featured","","","Latest-Advancement-and-Potential-Impacts-on-Solar-Technology.jpg","/assets/blog/how-much-solar-do-i-need/featured.jpg","temporary/relevance fallback","medium/uncertain","1","review","Needs original confirmation"
"How Much Power Does a 5kW Solar System Generate? A Complete Guide","/how-much-power-does-a-5kw-solar-system-generate/","featured","","","5-kw-Solar-System.png","/assets/blog-images/how-much-power-does-a-5kw-solar-system-generate/featured.jpg","temporary/relevance fallback","medium/uncertain","1","review","Replaced/local match"
"how much power does a 10kw system produce","/how-much-power-does-a-10kw-system-produce/","featured","","","previous verified match","/assets/blog/how-much-power-does-a-10kw-system-produce/featured.jpg","exact local upload","exact","1","review","Needs original confirmation"
"how much power does 5kw system produce","/how-much-power-does-5kw-system-produce/","featured","","","previous verified match","/assets/blog/how-much-power-does-5kw-system-produce/featured.jpg","exact local upload","exact","1","review","Needs original confirmation"
"How Much Money Do You Save With Solar Panels Australia","/how-much-money-do-you-save-with-solar-panels-australia/","featured","","","Cost-Savings-on-Energy-Bills.png","/assets/blog-images/how-much-money-do-you-save-with-solar-panels-australia/featured.webp","temporary/relevance fallback","medium/uncertain","1","review","Replaced/local match"
"How Much Electricity Can a 6.6 kW Solar System Produce?","/how-much-electricity-can-a-6-6-kw-solar-system-produce/","featured","","","","/assets/blog-images/how-much-electricity-can-a-6-6-kw-solar-system-produce/featured.png","temporary/relevance fallback","medium/uncertain","1","review","Replaced/local match"
"How Much Does One Solar Panel Cost In Australia","/how-much-does-one-solar-panel-cost-in-australia/","featured","","","Cost-Savings-on-Energy-Bills.png","/assets/blog/how-much-does-one-solar-panel-cost-in-australia/featured.png","temporary/relevance fallback","medium/uncertain","1","review","Needs original confirmation"
"How Much Does Electricity Cost","/how-much-does-electricity-cost-australia/","featured","","","solar-water-heater-solar-panel-installed-dollar-bills-roof-white-background-3d-rendering_476612-8227.jpg","/assets/blog/how-much-does-electricity-cost-australia/featured.jpg","temporary/relevance fallback","medium/uncertain","1","review","Needs original confirmation"
"How Much Does a 6.6 KW Solar System Cost in Australia","/how-much-does-a-6-6-kw-solar-system-cost-in-australia/","featured","","","5-kw-Solar-System.png","/assets/blog-images/how-much-does-a-6-6-kw-solar-system-cost-in-australia/featured.png","temporary/relevance fallback","medium/uncertain","1","review","Replaced/local match"
"How Much Do Tesla Solar Panels Cost in 2025? | Tesla Solar Price, Roof Cost &amp; More Explained","/how-much-do-tesla-solar-panels-cost/","featured","","","Alpha-ESS-Battery-Vs-Tesla.jpg","/assets/blog/how-much-do-tesla-solar-panels-cost/featured.jpg","temporary/relevance fallback","medium/uncertain","1","review","Needs original confirmation"
"How Much Do Solar Panels Cost in Sydney (2025 Guide)","/how-much-do-solar-panels-cost-sydney/","featured","","","Cost-Savings-on-Energy-Bills.png","/assets/blog/how-much-do-solar-panels-cost-sydney/featured.png","temporary/relevance fallback","medium/uncertain","1","review","Needs original confirmation"
"Loan For Solar Panels","/loan-for-solar-panels/","featured","","","residential-solar-panel.png","/assets/blog-images/loan-for-solar-panels/featured.jpg","temporary/relevance fallback","medium/uncertain","1","review","Replaced/local match"
"How Much Do Solar Panels Cost in Adelaide? (2025 Updated Guide)","/how-much-do-solar-panels-cost-adelaide/","featured","","","Cost-Savings-on-Energy-Bills.png","/assets/blog/how-much-do-solar-panels-cost-adelaide/featured.png","temporary/relevance fallback","medium/uncertain","1","review","Needs original confirmation"
"Latest Advancement and Potential Impacts on Solar Technology","/latest-advancement-potential-impacts-solar-technology/","featured","","","previous verified match","/assets/blog-images/latest-advancement-potential-impacts-solar-technology/featured.jpg","exact local upload","exact","1","review","Replaced/local match"
"How Much Do Solar Panels Cost","/how-much-do-solar-panels-cost/","featured","","","Cost-Savings-on-Energy-Bills.png","/assets/blog-images/how-much-do-solar-panels-cost/featured.jpg","temporary/relevance fallback","medium/uncertain","1","review","Replaced/local match"
"Jinko Solar Panels Review","/jinko-solar-panels-review/","featured","","","previous verified match","/assets/blog/jinko-solar-panels-review/featured.jpg","exact local upload","exact","1","review","Needs original confirmation"
"How Much Do Commercial Solar Panels Cost in 2025? A Complete Pricing Breakdown","/how-much-do-commercial-solar-panels-cost/","featured","","","commercial-solar-systems-10kw-379365895-734o8.webp","/assets/blog/how-much-do-commercial-solar-panels-cost/featured.webp","temporary/relevance fallback","medium/uncertain","1","review","Needs original confirmation"
"Is Solar Worth It","/is-solar-worth-it/","featured","","","Cost-Savings-on-Energy-Bills.png","/assets/blog/is-solar-worth-it/featured.png","temporary/relevance fallback","medium/uncertain","1","review","Needs original confirmation"
"How to Maintain Your Residential Solar System","/how-to-maintain-your-residential-solar-system/","featured","","","","/assets/blog-images/how-to-maintain-your-residential-solar-system/featured.png","temporary/relevance fallback","medium/uncertain","1","review","Replaced/local match"
"Is A Solar Battery Worth It","/is-a-solar-battery-worth-it/","featured","","","previous verified match","/assets/blog/is-a-solar-battery-worth-it/featured.jpg","exact local upload","exact","1","review","Needs original confirmation"
"how to install a 10kw solar system","/how-to-install-a-10kw-solar-system/","featured","","","previous verified match","/assets/blog/how-to-install-a-10kw-solar-system/featured.jpg","exact local upload","exact","1","review","Needs original confirmation"
"how to increase solar panel efficiency","/how-to-increase-solar-panel-efficiency/","featured","","","previous verified match","/assets/blog/how-to-increase-solar-panel-efficiency/featured.jpg","exact local upload","exact","1","review","Needs original confirmation"
"15 Things to Consider Before Installing Residential Solar Panels","/installing-residential-solar-panels/","featured","","","Solar-Panel-installation.png","/assets/blog/installing-residential-solar-panels/featured.png","temporary/relevance fallback","medium/uncertain","1","review","Needs original confirmation"
"How to Clean Solar Panels on Roof: Complete Homeowner Guide","/how-to-clean-solar-panels-on-roof/","featured","","","cleaning-solar-panels.png","/assets/blog-images/how-to-clean-solar-panels-on-roof/featured.jpg","temporary/relevance fallback","medium/uncertain","1","review","Replaced/local match"
"Importance of Solar Panel Installation","/importance-solar-panel-installation/","featured","","","previous verified match","/assets/blog/importance-solar-panel-installation/featured.png","exact local upload","exact","1","review","Needs original confirmation"
"How To Clean Solar Panels At Home","/how-to-clean-solar-panels-at-home/","featured","","","cleaning-solar-panels.png","/assets/blog-images/how-to-clean-solar-panels-at-home/featured.jpg","temporary/relevance fallback","medium/uncertain","1","review","Replaced/local match"
"All About Hybrid Solar Systems","/hybrid-solar-systems/","featured","","","previous verified match","/assets/blog/hybrid-solar-systems/featured.png","exact local upload","exact","1","review","Needs original confirmation"
"How to Choose the Right Solar System Size for Your Home","/how-to-choose-the-right-solar-system-size/","featured","","","","../../assests/about/modern-home-solar-panels.webp","temporary/relevance fallback","medium/uncertain","1","review","Needs original confirmation"
"Huawei Inverter Review: An In-Depth Look at Features, Performance, and Cost","/huawei-inverter-review/","featured","","","Inverters-Convert-The-Energy-To-Electricity.png","/assets/blog/huawei-inverter-review/featured.png","temporary/relevance fallback","medium/uncertain","1","review","Needs original confirmation"
"How to check solar panel output","/how-to-check-solar-panel-output-2/","featured","","","Solar-Panel-Temperature-Coefficient.png","/assets/blog-images/how-to-check-solar-panel-output-2/featured.jpg","temporary/relevance fallback","medium/uncertain","1","review","Replaced/local match"
"How to Monitor Your Solar Systemâ€™s Performance with a WiFi App","/how-to-monitor-your-solar-systems-performance-with-a-wifi-app/","featured","","","Solar-Performance-in-Winter-Season.jpg","/assets/blog/how-to-monitor-your-solar-systems-performance-with-a-wifi-app/featured.jpg","temporary/relevance fallback","medium/uncertain","1","review","Needs original confirmation"
"how to check solar panel output","/how-to-check-solar-panel-output/","featured","","","previous verified match","/assets/blog/how-to-check-solar-panel-output/featured.jpg","exact local upload","exact","1","review","Needs original confirmation"
