"page title","old URL","new URL","old image URL","local source","new image path","image type","match confidence","status"
"Products","https://esteemenergy.com.au/products/","/products/","https://esteemenergy.com.au/wp-content/uploads/2023/10/Solar-Batteries.png","C:\Users\admin\Desktop\vscode\vscode\solar\migration\uploads\2023\10\Solar-Batteries.png","/assets/site-images/product/Solar-Batteries.png","product","exact","Replaced"
"Products","https://esteemenergy.com.au/products/","/products/","https://esteemenergy.com.au/wp-content/uploads/2024/01/ht-panels-415w.webp","C:\Users\admin\Desktop\vscode\vscode\solar\migration\uploads\2024\01\ht-panels-415w.webp","/assets/site-images/product/ht-panels-415w.webp","product","exact","Replaced"
"Products","https://esteemenergy.com.au/products/","/products/","https://esteemenergy.com.au/wp-content/uploads/2023/07/Trina-solar.webp","C:\Users\admin\Desktop\vscode\vscode\solar\migration\uploads\2023\07\Trina-solar.webp","/assets/site-images/product/Trina-solar.webp","product","exact","Replaced"
"Products","https://esteemenergy.com.au/products/","/products/","https://esteemenergy.com.au/wp-content/uploads/2023/07/Jinko.webp","C:\Users\admin\Desktop\vscode\vscode\solar\migration\uploads\2023\07\Jinko.webp","/assets/site-images/product/Jinko.webp","product","exact","Replaced"
"Products","https://esteemenergy.com.au/products/","/products/","https://esteemenergy.com.au/wp-content/uploads/2024/09/inverter-brand-4.jpg","C:\Users\admin\Desktop\vscode\vscode\solar\migration\uploads\2024\09\inverter-brand-4.jpg","/assets/site-images/product/inverter-brand-4.jpg","product","exact","Replaced"
"Products","https://esteemenergy.com.au/products/","/products/","https://esteemenergy.com.au/wp-content/uploads/2024/01/fronius-inverter.webp","C:\Users\admin\Desktop\vscode\vscode\solar\migration\uploads\2024\01\fronius-inverter.webp","/assets/site-images/product/fronius-inverter.webp","product","exact","Replaced"
"Battery Storage","https://esteemenergy.com.au/battery-storage/","/battery-storage/","https://esteemenergy.com.au/wp-content/uploads/2023/10/Solar-Batteries.png","C:\Users\admin\Desktop\vscode\vscode\solar\migration\uploads\2023\10\Solar-Batteries.png","/assets/site-images/product/Solar-Batteries.png","hero","exact","Replaced"
"Installation","https://esteemenergy.com.au/installation/","/installation/","https://esteemenergy.com.au/wp-content/uploads/2025/01/The-Solar-Installation-Process_-What-to-Expect-from-Start-to-Finish-1.png","C:\Users\admin\Desktop\vscode\vscode\solar\migration\uploads\2025\01\The-Solar-Installation-Process_-What-to-Expect-from-Start-to-Finish-1.png","/assets/site-images/installation/The-Solar-Installation-Process_-What-to-Expect-from-Start-to-Finish-1.png","hero","exact","Replaced"
"Our Gallery","https://esteemenergy.com.au/our-gallery/","/our-gallery/","https://esteemenergy.com.au/wp-content/uploads/2023/08/Best-Solar-Installation-cabramatta-new-south-wales.jpg","C:\Users\admin\Desktop\vscode\vscode\solar\migration\uploads\2023\08\Best-Solar-Installation-cabramatta-new-south-wales.jpg","/assets/site-images/gallery/Best-Solar-Installation-cabramatta-new-south-wales.jpg","gallery","exact","Replaced"
"Our Gallery","https://esteemenergy.com.au/our-gallery/","/our-gallery/","https://esteemenergy.com.au/wp-content/uploads/2023/08/Best-Solar-Installation-Ashby-Western-Australia.jpg","C:\Users\admin\Desktop\vscode\vscode\solar\migration\uploads\2023\08\Best-Solar-Installation-Ashby-Western-Australia.jpg","/assets/site-images/gallery/Best-Solar-Installation-Ashby-Western-Australia.jpg","gallery","exact","Replaced"
"Our Gallery","https://esteemenergy.com.au/our-gallery/","/our-gallery/","https://esteemenergy.com.au/wp-content/uploads/2023/08/Best-Solar-Installation-Blacktown-NSW.jpg","C:\Users\admin\Desktop\vscode\vscode\solar\migration\uploads\2023\08\Best-Solar-Installation-Blacktown-NSW.jpg","/assets/site-images/gallery/Best-Solar-Installation-Blacktown-NSW.jpg","gallery","exact","Replaced"
"Our Gallery","https://esteemenergy.com.au/our-gallery/","/our-gallery/","https://esteemenergy.com.au/wp-content/uploads/2023/08/Best-Solar-Installation-Blacktown-new-south-wales.jpg","C:\Users\admin\Desktop\vscode\vscode\solar\migration\uploads\2023\08\Best-Solar-Installation-Blacktown-new-south-wales.jpg","/assets/site-images/gallery/Best-Solar-Installation-Blacktown-new-south-wales.jpg","gallery","exact","Replaced"
"Homepage","https://esteemenergy.com.au/","/","","","","hero","uncertain","Original old-site hero not yet confirmed; retained current image"
"Contact Us","https://esteemenergy.com.au/contact-us/","/contact-us/","","","/assests/about/solar-consultation-support.webp","hero","uncertain","Original old-site hero not yet confirmed; retained current local image"
"Pricing","https://esteemenergy.com.au/packages/","/pricing/","","","../assests/about/modern-home-solar-panels.webp","hero","uncertain","No exact old-site image confirmed; retained current image"
"Will Trees Affect Solar Panels?","https://esteemenergy.com.au/will-trees-affect-solar-panels/","/will-trees-affect-solar-panels/","","residential-solar-panel.png","/assets/blog/will-trees-affect-solar-panels/featured.png","featured","medium/uncertain","Needs original confirmation"
"Why Solar Panels Are Not Worth It: Exploring the Truth Behind the Investment","https://esteemenergy.com.au/why-solar-panels-are-not-worth-it/","/why-solar-panels-are-not-worth-it/","","Cost-Savings-on-Energy-Bills.png","/assets/blog/why-solar-panels-are-not-worth-it/featured.png","featured","medium/uncertain","Needs original confirmation"
"Why Should We Choose a Fronius Inverter?","https://esteemenergy.com.au/why-choose-fronius-inverter/","/why-choose-fronius-inverter/","","fronius-inverter.webp","/assets/blog/why-choose-fronius-inverter/featured.webp","featured","medium/uncertain","Needs original confirmation"
"Why Are Solar Panels Good","https://esteemenergy.com.au/why-are-solar-panels-good/","/why-are-solar-panels-good/","","previous verified match","/assets/blog/why-are-solar-panels-good/featured.jpg","featured","exact","Needs original confirmation"
"Who Invented Solar Panels","https://esteemenergy.com.au/who-invented-solar-panels/","/who-invented-solar-panels/","","residential-solar-panel.png","/assets/blog-images/who-invented-solar-panels/featured.jpg","featured","medium/uncertain","Replaced/local match"
"Which Direction is Best For Solar Panels?","https://esteemenergy.com.au/which-direction-best-solar-panels/","/which-direction-best-solar-panels/","","previous verified match","/assets/blog/which-direction-best-solar-panels/featured.png","featured","exact","Needs original confirmation"
"What Size Solar System Do I Need","https://esteemenergy.com.au/what-size-solar-system-do-i-need/","/what-size-solar-system-do-i-need/","","Latest-Advancement-and-Potential-Impacts-on-Solar-Technology.jpg","/assets/blog/what-size-solar-system-do-i-need/featured.jpg","featured","medium/uncertain","Needs original confirmation"
"what size battery for a 10kw system","https://esteemenergy.com.au/what-size-battery-for-a-10kw-system/","/what-size-battery-for-a-10kw-system/","","previous verified match","/assets/blog/what-size-battery-for-a-10kw-system/featured.jpg","featured","exact","Needs original confirmation"
"What Size Battery Do I Need for a 6.6 kW Solar System? A Complete Guide to Solar Battery Capacity &amp; Energy Storage Sizing","https://esteemenergy.com.au/what-size-battery-do-i-need-for-a-6-6kw-solar-system/","/what-size-battery-do-i-need-for-a-6-6kw-solar-system/","","Solar-Panel-Battery.webp","/assets/blog/what-size-battery-do-i-need-for-a-6-6kw-solar-system/featured.webp","featured","medium/uncertain","Needs original confirmation"
"What Is The Solar Rebate In Australia?","https://esteemenergy.com.au/what-is-the-solar-rebate-in-australia/","/what-is-the-solar-rebate-in-australia/","","Solar-Panel-Rebates.png","/assets/blog-images/what-is-the-solar-rebate-in-australia/featured.webp","featured","medium/uncertain","Replaced/local match"
"All About Electric Vehicles","https://esteemenergy.com.au/all-about-electric-vehicles/","/all-about-electric-vehicles/","","Electric-Vehicles.png","/assets/blog-images/all-about-electric-vehicles/featured.jpg","featured","medium/uncertain","Replaced/local match"
"Unlocking the Full Potential of Solar: Advantages of Solar System Installed in Three-Phase Power","https://esteemenergy.com.au/advantages-of-solar-system-installed-in-three-phase-power/","/advantages-of-solar-system-installed-in-three-phase-power/","","Solar-Panel-installation.png","/assets/blog/advantages-of-solar-system-installed-in-three-phase-power/featured.png","featured","medium/uncertain","Needs original confirmation"
"Advantages Of Solar Energy","https://esteemenergy.com.au/advantages-of-solar-energy/","/advantages-of-solar-energy/","","Latest-Advancement-and-Potential-Impacts-on-Solar-Technology.jpg","/assets/blog-images/advantages-of-solar-energy/featured.jpg","featured","medium/uncertain","Replaced/local match"
"8kW Solar System Price: Cost, Benefits, and Savings Potential","https://esteemenergy.com.au/8-kw-solar-panel-system/","/8-kw-solar-panel-system/","","previous verified match","/assets/blog/8-kw-solar-panel-system/featured.png","featured","exact","Needs original confirmation"
"Understanding the 6kW Solar Battery Cost in Australia: What You Need to Know in 2025","https://esteemenergy.com.au/6kw-solar-battery-cost-in-australia/","/6kw-solar-battery-cost-in-australia/","","Solar-Panel-Battery.webp","/assets/blog/6kw-solar-battery-cost-in-australia/featured.webp","featured","medium/uncertain","Needs original confirmation"
"6kW Solar Battery Cost: Everything You Need to Know in 2025","https://esteemenergy.com.au/6kw-solar-battery-cost/","/6kw-solar-battery-cost/","","Solar-Panel-Battery.webp","/assets/blog/6kw-solar-battery-cost/featured.webp","featured","medium/uncertain","Needs original confirmation"
"What Is Solar Feed-In Tariff","https://esteemenergy.com.au/what-is-solar-feed-in-tariff/","/what-is-solar-feed-in-tariff/","","previous verified match","/assets/blog-images/what-is-solar-feed-in-tariff/featured.jpg","featured","exact","Replaced/local match"
"6.6kW vs 10kW solar system","https://esteemenergy.com.au/6-6kw-vs-10kw-solar-system/","/6-6kw-vs-10kw-solar-system/","","5-kw-Solar-System.png","/assets/blog/6-6kw-vs-10kw-solar-system/featured.png","featured","medium/uncertain","Needs original confirmation"
"6.6kW Solar System with 5kW Inverter Price: Is It the Smartest Solar Investment for Your Home?","https://esteemenergy.com.au/6-6kw-solar-system-with-5kw-inverter-price/","/6-6kw-solar-system-with-5kw-inverter-price/","","Inverters-Convert-The-Energy-To-Electricity.png","/assets/blog/6-6kw-solar-system-with-5kw-inverter-price/featured.png","featured","medium/uncertain","Needs original confirmation"
"What Is Solar Energy","https://esteemenergy.com.au/what-is-solar-energy/","/what-is-solar-energy/","","Latest-Advancement-and-Potential-Impacts-on-Solar-Technology.jpg","/assets/blog-images/what-is-solar-energy/featured.jpg","featured","medium/uncertain","Replaced/local match"
"6.6kW solar system price NSW","https://esteemenergy.com.au/6-6kw-solar-system-price-nsw/","/6-6kw-solar-system-price-nsw/","","5-kw-Solar-System.png","/assets/blog-images/6-6kw-solar-system-price-nsw/featured.webp","featured","medium/uncertain","Replaced/local match"
"What is a Hybrid Inverter? A Complete Guide to Smarter Solar Power","https://esteemenergy.com.au/what-is-a-hybrid-inverter/","/what-is-a-hybrid-inverter/","","Inverters-Convert-The-Energy-To-Electricity.png","/assets/blog/what-is-a-hybrid-inverter/featured.png","featured","medium/uncertain","Needs original confirmation"
"6.6kW Solar System Price Adelaide: Cost, Rebates &amp; Best Solar Deals in 2025","https://esteemenergy.com.au/6-6kw-solar-system-price-adelaide/","/6-6kw-solar-system-price-adelaide/","","Solar-Panel-Rebates.png","/assets/blog/6-6kw-solar-system-price-adelaide/featured.png","featured","medium/uncertain","Needs original confirmation"
"What is A 6.6 kW Solar System?","https://esteemenergy.com.au/what-is-a-6-6-kw-solar-system/","/what-is-a-6-6-kw-solar-system/","","5-kw-Solar-System.png","/assets/blog-images/what-is-a-6-6-kw-solar-system/featured.png","featured","medium/uncertain","Replaced/local match"
"How Much Power Does a 6.6 kW Solar System Produce? A Complete Guide to Solar Energy Output in Australia","https://esteemenergy.com.au/6-6-kw-solar-system-power-output/","/6-6-kw-solar-system-power-output/","","5-kw-Solar-System.png","/assets/blog/6-6-kw-solar-system-power-output/featured.png","featured","medium/uncertain","Needs original confirmation"
"what is a 10kw solar system","https://esteemenergy.com.au/what-is-a-10kw-solar-system/","/what-is-a-10kw-solar-system/","","previous verified match","/assets/blog/what-is-a-10kw-solar-system/featured.jpg","featured","exact","Needs original confirmation"
"How Much Does a 6.6kW Solar System Cost in Australia?","https://esteemenergy.com.au/6-6-kw-solar-system-cost-australia/","/6-6-kw-solar-system-cost-australia/","","5-kw-Solar-System.png","/assets/blog/6-6-kw-solar-system-cost-australia/featured.png","featured","medium/uncertain","Needs original confirmation"
"What Are the Best Solar Panels in Australia? A Complete 2025 Guide","https://esteemenergy.com.au/what-are-the-best-solar-panels-in-australia/","/what-are-the-best-solar-panels-in-australia/","","residential-solar-panel.png","/assets/blog-images/what-are-the-best-solar-panels-in-australia/featured.jpg","featured","medium/uncertain","Replaced/local match"
"5kW Solar System Battery Backup: The Ultimate Guide to Energy Independence","https://esteemenergy.com.au/5kw-solar-system-battery-backup/","/5kw-solar-system-battery-backup/","","Battery-Backup-is-Valuable-Feature.png","/assets/blog/5kw-solar-system-battery-backup/featured.png","featured","medium/uncertain","Needs original confirmation"
"5kW Solar Inverter Price Australia","https://esteemenergy.com.au/5kw-solar-inverter-price-australia/","/5kw-solar-inverter-price-australia/","","Inverters-Convert-The-Energy-To-Electricity.png","/assets/blog/5kw-solar-inverter-price-australia/featured.png","featured","medium/uncertain","Needs original confirmation"
"What Are The Best Solar Panels","https://esteemenergy.com.au/what-are-the-best-solar-panels/","/what-are-the-best-solar-panels/","","previous verified match","/assets/blog/what-are-the-best-solar-panels/featured.jpg","featured","exact","Needs original confirmation"
"What Are Solar Panel Batteries and What Are They Used For?","https://esteemenergy.com.au/what-are-solar-panel-batteries-and-what-are-they-used-for/","/what-are-solar-panel-batteries-and-what-are-they-used-for/","","Solar-Panel-Battery.webp","/assets/blog/what-are-solar-panel-batteries-and-what-are-they-used-for/featured.webp","featured","medium/uncertain","Needs original confirmation"
"How to Save Energy and Reduce Your Electricity Bill: Effective Tips and Solutions","https://esteemenergy.com.au/ways-to-save-energy-consumption/","/ways-to-save-energy-consumption/","","previous verified match","/assets/blog/ways-to-save-energy-consumption/featured.jpg","featured","exact","Needs original confirmation"
"5kw solar battery price","https://esteemenergy.com.au/5kw-solar-battery-price/","/5kw-solar-battery-price/","","previous verified match","/assets/blog-images/5kw-solar-battery-price/featured.webp","featured","exact","Replaced/local match"
"5kw off-grid solar system","https://esteemenergy.com.au/5kw-off-grid-solar-system/","/5kw-off-grid-solar-system/","","previous verified match","/assets/blog/5kw-off-grid-solar-system/featured.jpg","featured","exact","Needs original confirmation"
"Unlocking the Benefits of a 6.6kW Solar System in Australia: Your Path to Energy Savings and Sustainability","https://esteemenergy.com.au/unlocking-the-benefits-of-a-6-6kw-solar-system-in-australia-your-path-to-energy-savings-and-sustainability-2/","/unlocking-the-benefits-of-a-6-6kw-solar-system-in-australia-your-path-to-energy-savings-and-sustainability-2/","","5-kw-Solar-System.png","/assets/blog/unlocking-the-benefits-of-a-6-6kw-solar-system-in-australia-your-path-to-energy-savings-and-sustainability-2/featured.png","featured","medium/uncertain","Needs original confirmation"
"All About 5 kw Solar System Output, Cost and Roi","https://esteemenergy.com.au/5-kw-solar-system/","/5-kw-solar-system/","","5-kw-Solar-System.png","/assets/blog-images/5-kw-solar-system/featured.png","featured","medium/uncertain","Replaced/local match"
"13.2kW Solar System Price in Australia: Complete Cost Breakdown, Benefits &amp; Payback (2025 Guide)","https://esteemenergy.com.au/13-2kw-solar-system-price/","/13-2kw-solar-system-price/","","Cost-Savings-on-Energy-Bills.png","/assets/blog/13-2kw-solar-system-price/featured.png","featured","medium/uncertain","Needs original confirmation"
"Unlocking the Benefits of a 6.6kW Solar System in Australia: Your Path to Energy Savings and Sustainability","https://esteemenergy.com.au/unlocking-the-benefits-of-a-6-6kw-solar-system-in-australia-your-path-to-energy-savings-and-sustainability/","/unlocking-the-benefits-of-a-6-6kw-solar-system-in-australia-your-path-to-energy-savings-and-sustainability/","","5-kw-Solar-System.png","/assets/blog/unlocking-the-benefits-of-a-6-6kw-solar-system-in-australia-your-path-to-energy-savings-and-sustainability/featured.png","featured","medium/uncertain","Needs original confirmation"
"10kW vs 13kW solar system","https://esteemenergy.com.au/10kw-vs-13kw-solar-system/","/10kw-vs-13kw-solar-system/","","5-kw-Solar-System.png","/assets/blog/10kw-vs-13kw-solar-system/featured.png","featured","medium/uncertain","Needs original confirmation"
"Types Of Solar Panels","https://esteemenergy.com.au/types-of-solar-panels/","/types-of-solar-panels/","","residential-solar-panel.png","/assets/blog-images/types-of-solar-panels/featured.jpg","featured","medium/uncertain","Replaced/local match"
"10kW Solar System With Battery Price in Australia (2025 Guide)","https://esteemenergy.com.au/10kw-solar-system-with-battery-price/","/10kw-solar-system-with-battery-price/","","Solar-Panel-Battery.webp","/assets/blog/10kw-solar-system-with-battery-price/featured.webp","featured","medium/uncertain","Needs original confirmation"
"trina solar panels vs jinko","https://esteemenergy.com.au/trina-solar-panels-vs-jinko/","/trina-solar-panels-vs-jinko/","","previous verified match","/assets/blog/trina-solar-panels-vs-jinko/featured.avif","featured","exact","Needs original confirmation"
"10kW Solar System Price","https://esteemenergy.com.au/10kw-solar-system-price/","/10kw-solar-system-price/","","5-kw-Solar-System.png","/assets/blog-images/10kw-solar-system-price/featured.png","featured","medium/uncertain","Replaced/local match"
"10kW Solar System Cost: A Complete Guide to Pricing, Savings, and Installation","https://esteemenergy.com.au/10kw-solar-system-cost/","/10kw-solar-system-cost/","","Solar-Panel-installation.png","/assets/blog/10kw-solar-system-cost/featured.png","featured","medium/uncertain","Needs original confirmation"
"Trina Solar Panels Review","https://esteemenergy.com.au/trina-solar-panels-review/","/trina-solar-panels-review/","","previous verified match","/assets/blog/trina-solar-panels-review/featured.jpg","featured","exact","Needs original confirmation"
"10kW Solar Inverter","https://esteemenergy.com.au/10kw-solar-inverter/","/10kw-solar-inverter/","","Inverters-Convert-The-Energy-To-Electricity.png","/assets/blog-images/10kw-solar-inverter/featured.webp","featured","medium/uncertain","Replaced/local match"
"10kw Solar Battery Price","https://esteemenergy.com.au/10kw-solar-battery-price/","/10kw-solar-battery-price/","","Solar-Panel-Battery.webp","/assets/blog-images/10kw-solar-battery-price/featured.webp","featured","medium/uncertain","Replaced/local match"
"Monitor Your Solar System","https://esteemenergy.com.au/tracking-solar-system-home-energy-management-system/","/tracking-solar-system-home-energy-management-system/","","previous verified match","/assets/blog/tracking-solar-system-home-energy-management-system/featured.jpg","featured","exact","Needs original confirmation"
"","https://esteemenergy.com.au/10998/","/10998/","","Latest-Advancement-and-Potential-Impacts-on-Solar-Technology.jpg","/assets/blog/10998/featured.jpg","featured","medium/uncertain","Needs original confirmation"
"All About 10 Kw Solar Panel System: Cost, Roi and Output","https://esteemenergy.com.au/10-kw-solar-panel-system/","/10-kw-solar-panel-system/","","5-kw-Solar-System.png","/assets/blog-images/10-kw-solar-panel-system/featured.png","featured","medium/uncertain","Replaced/local match"
"Top Solar Panel Brands for 6.6 KW Systems in Australia (2025 Guide)","https://esteemenergy.com.au/top-solar-panel-brands-6-6-kw-australia/","/top-solar-panel-brands-6-6-kw-australia/","","5-kw-Solar-System.png","/assets/blog/top-solar-panel-brands-6-6-kw-australia/featured.png","featured","medium/uncertain","Needs original confirmation"
"Top 10 Solar Panels In Australia","https://esteemenergy.com.au/top-10-solar-panels-in-australia/","/top-10-solar-panels-in-australia/","","residential-solar-panel.png","/assets/blog-images/top-10-solar-panels-in-australia/featured.webp","featured","medium/uncertain","Replaced/local match"
"Top 10 Solar Inverters In Australia","https://esteemenergy.com.au/top-10-solar-inverters-in-australia/","/top-10-solar-inverters-in-australia/","","previous verified match","/assets/blog/top-10-solar-inverters-in-australia/featured.png","featured","exact","Needs original confirmation"
"Best Solar System for Home: The Ultimate Guide to Residential Solar Solutions","https://esteemenergy.com.au/best-solar-system-for-home/","/best-solar-system-for-home/","","residential-solar-panel.png","/assets/blog/best-solar-system-for-home/featured.png","featured","medium/uncertain","Needs original confirmation"
"Best Solar Panels Sydney (2025 Comprehensive Guide)","https://esteemenergy.com.au/best-solar-panels-sydney/","/best-solar-panels-sydney/","","residential-solar-panel.png","/assets/blog/best-solar-panels-sydney/featured.png","featured","medium/uncertain","Needs original confirmation"
"Best Solar Panels Australia 2025: Expert Comparison, Prices &amp; Buying Guide","https://esteemenergy.com.au/best-solar-panels-in-australia/","/best-solar-panels-in-australia/","","Cost-Savings-on-Energy-Bills.png","/assets/blog/best-solar-panels-in-australia/featured.png","featured","medium/uncertain","Needs original confirmation"
"Best Solar Panels Australia","https://esteemenergy.com.au/best-solar-panels-australia/","/best-solar-panels-australia/","","previous verified match","/assets/blog/best-solar-panels-australia/featured.webp","featured","exact","Needs original confirmation"
"Best Solar Panels Australia","https://esteemenergy.com.au/best-solar-panels/","/best-solar-panels/","","residential-solar-panel.png","/assets/blog-images/best-solar-panels/featured.png","featured","medium/uncertain","Replaced/local match"
"Best Solar Installer Brisbane: Top 7 Certified Companies for 2025","https://esteemenergy.com.au/best-solar-installer-brisbane/","/best-solar-installer-brisbane/","","Solar-Panel-installation.png","/assets/blog/best-solar-installer-brisbane/featured.png","featured","medium/uncertain","Needs original confirmation"
"Best Solar Feed-In Tariff Nsw","https://esteemenergy.com.au/best-solar-feed-in-tariff-nsw/","/best-solar-feed-in-tariff-nsw/","","What-Is-Solar-Feed-In-Tariff.jpg","/assets/blog-images/best-solar-feed-in-tariff-nsw/featured.jpg","featured","medium/uncertain","Replaced/local match"
"Best Solar Feed-in Tariff Brisbane: Maximize Your Solar Savings","https://esteemenergy.com.au/best-solar-feed-in-tariff-brisbane/","/best-solar-feed-in-tariff-brisbane/","","What-Is-Solar-Feed-In-Tariff.jpg","/assets/blog/best-solar-feed-in-tariff-brisbane/featured.jpg","featured","medium/uncertain","Needs original confirmation"
"Best Solar Company in WA","https://esteemenergy.com.au/best-solar-company-wa/","/best-solar-company-wa/","","previous verified match","/assets/blog/best-solar-company-wa/featured.png","featured","exact","Needs original confirmation"
"Best Solar Companies NSW, Australia","https://esteemenergy.com.au/best-solar-companies-nsw-australia/","/best-solar-companies-nsw-australia/","","previous verified match","/assets/blog/best-solar-companies-nsw-australia/featured.webp","featured","exact","Needs original confirmation"
"Top 10 Solar Companies in Australia for 2025","https://esteemenergy.com.au/best-solar-companies-in-australia/","/best-solar-companies-in-australia/","","previous verified match","/assets/blog/best-solar-companies-in-australia/featured.webp","featured","exact","Needs original confirmation"
"Top 10 Solar Companies in Sydney (2025 Edition)","https://esteemenergy.com.au/top-10-solar-companies-in-sydney/","/top-10-solar-companies-in-sydney/","","Latest-Advancement-and-Potential-Impacts-on-Solar-Technology.jpg","/assets/blog/top-10-solar-companies-in-sydney/featured.jpg","featured","medium/uncertain","Needs original confirmation"
"Best Solar Battery Storage 2026: Complete Guide to the Top Home Battery Systems","https://esteemenergy.com.au/best-solar-battery-storage-2026/","/best-solar-battery-storage-2026/","","previous verified match","/assets/blog/best-solar-battery-storage-2026/featured.jpg","featured","exact","Needs original confirmation"
"Top 10 Solar Companies In Perth","https://esteemenergy.com.au/top-10-solar-companies-in-perth/","/top-10-solar-companies-in-perth/","","Latest-Advancement-and-Potential-Impacts-on-Solar-Technology.jpg","/assets/blog/top-10-solar-companies-in-perth/featured.jpg","featured","medium/uncertain","Needs original confirmation"
"Best Solar Battery In Australia","https://esteemenergy.com.au/best-solar-battery-in-australia/","/best-solar-battery-in-australia/","","Solar-Panel-Battery.webp","/assets/blog-images/best-solar-battery-in-australia/featured.png","featured","medium/uncertain","Replaced/local match"
"Top 10 solar Companies In Australia","https://esteemenergy.com.au/top-10-solar-companies-in-australia/","/top-10-solar-companies-in-australia/","","Latest-Advancement-and-Potential-Impacts-on-Solar-Technology.jpg","/assets/blog/top-10-solar-companies-in-australia/featured.jpg","featured","medium/uncertain","Needs original confirmation"
"Best Solar Batteries Australia: 2025 Expert Guide to Top Energy Storage Systems","https://esteemenergy.com.au/best-solar-batteries-australia/","/best-solar-batteries-australia/","","Latest-Advancement-and-Potential-Impacts-on-Solar-Technology.jpg","/assets/blog/best-solar-batteries-australia/featured.jpg","featured","medium/uncertain","Needs original confirmation"
"Tindo Solar Reviews","https://esteemenergy.com.au/tindo-solar-reviews/","/tindo-solar-reviews/","","Latest-Advancement-and-Potential-Impacts-on-Solar-Technology.jpg","/assets/blog/tindo-solar-reviews/featured.jpg","featured","medium/uncertain","Needs original confirmation"
"The Best Quality Solar Panels in Australia: A Comprehensive Guide for 2025","https://esteemenergy.com.au/best-quality-solar-panels-in-australia/","/best-quality-solar-panels-in-australia/","","residential-solar-panel.png","/assets/blog-images/best-quality-solar-panels-in-australia/featured.webp","featured","medium/uncertain","Replaced/local match"
"best inverter for 10kw solar system","https://esteemenergy.com.au/best-inverter-for-10kw-solar-system/","/best-inverter-for-10kw-solar-system/","","previous verified match","/assets/blog/best-inverter-for-10kw-solar-system/featured.jpg","featured","exact","Needs original confirmation"
"best home batteries australia","https://esteemenergy.com.au/best-home-batteries-australia/","/best-home-batteries-australia/","","previous verified match","/assets/blog/best-home-batteries-australia/featured.jpg","featured","exact","Needs original confirmation"
"Best Angle for Solar Panels: A Comprehensive Guide to Optimizing Solar Efficiency","https://esteemenergy.com.au/best-angle-for-solar-panels/","/best-angle-for-solar-panels/","","Solar-Panel-Temperature-Coefficient.png","/assets/blog/best-angle-for-solar-panels/featured.png","featured","medium/uncertain","Needs original confirmation"
"Best 10kW Solar Battery Price in Australia (2025 Guide)","https://esteemenergy.com.au/best-10kw-solar-battery-price-australia/","/best-10kw-solar-battery-price-australia/","","Solar-Panel-Battery.webp","/assets/blog/best-10kw-solar-battery-price-australia/featured.webp","featured","medium/uncertain","Needs original confirmation"
"Benefits Of Solar Panels","https://esteemenergy.com.au/benefits-of-solar-panels/","/benefits-of-solar-panels/","","residential-solar-panel.png","/assets/blog-images/benefits-of-solar-panels/featured.jpg","featured","medium/uncertain","Replaced/local match"
"Benefits Of A 6.6 KW Solar System In Australia","https://esteemenergy.com.au/benefits-of-a-6-6-kw-solar-system-in-australia/","/benefits-of-a-6-6-kw-solar-system-in-australia/","","5-kw-Solar-System.png","/assets/blog-images/benefits-of-a-6-6-kw-solar-system-in-australia/featured.png","featured","medium/uncertain","Replaced/local match"
"Switching to Solar Panels in Australia will help to lower your bills","https://esteemenergy.com.au/switching-to-solar-panels-in-australia/","/switching-to-solar-panels-in-australia/","","solar-water-heater-solar-panel-installed-dollar-bills-roof-white-background-3d-rendering_476612-8227.jpg","/assets/blog/switching-to-solar-panels-in-australia/featured.jpg","featured","medium/uncertain","Needs original confirmation"
"Unlocking the Benefits of a 6.6kW Solar System in Australia: Your Path to Energy Savings and Sustainability","https://esteemenergy.com.au/benefits-of-6-6-kw-solar-system-australia/","/benefits-of-6-6-kw-solar-system-australia/","","5-kw-Solar-System.png","/assets/blog/benefits-of-6-6-kw-solar-system-australia/featured.png","featured","medium/uncertain","Needs original confirmation"
"Average Electricity Bill in Perth: Costs, Comparisons, and Ways to Save","https://esteemenergy.com.au/average-electricity-bill-perth/","/average-electricity-bill-perth/","","solar-water-heater-solar-panel-installed-dollar-bills-roof-white-background-3d-rendering_476612-8227.jpg","/assets/blog/average-electricity-bill-perth/featured.jpg","featured","medium/uncertain","Needs original confirmation"
"Suntech Solar Panels Review","https://esteemenergy.com.au/suntech-solar-panels-review/","/suntech-solar-panels-review/","","residential-solar-panel.png","/assets/blog-images/suntech-solar-panels-review/featured.jpg","featured","medium/uncertain","Replaced/local match"
"Average Electricity Bill For 2 Person Household","https://esteemenergy.com.au/average-electricity-bill-for-2-person-household/","/average-electricity-bill-for-2-person-household/","","solar-water-heater-solar-panel-installed-dollar-bills-roof-white-background-3d-rendering_476612-8227.jpg","/assets/blog/average-electricity-bill-for-2-person-household/featured.jpg","featured","medium/uncertain","Needs original confirmation"
"SunPower Solar Panels: The Ultimate Guide to Efficiency, Warranty, and Energy Output","https://esteemenergy.com.au/sunpower-solar-panels/","/sunpower-solar-panels/","","Solar-Panel-Temperature-Coefficient.png","/assets/blog/sunpower-solar-panels/featured.png","featured","medium/uncertain","Needs original confirmation"
"Average Electricity Bill Brisbane: A Complete Guide to Energy Costs &amp; Savings","https://esteemenergy.com.au/average-electricity-bill-brisbane/","/average-electricity-bill-brisbane/","","solar-water-heater-solar-panel-installed-dollar-bills-roof-white-background-3d-rendering_476612-8227.jpg","/assets/blog/average-electricity-bill-brisbane/featured.jpg","featured","medium/uncertain","Needs original confirmation"
"Australian Solar Battery Rebate: A Complete 2026 Guide","https://esteemenergy.com.au/australian-solar-battery-rebate/","/australian-solar-battery-rebate/","","battery-rebate-in-2026.webp","/assets/blog/australian-solar-battery-rebate/featured.webp","featured","medium/uncertain","Needs original confirmation"
"Australia Online Casino Patterns: A Specialist&#39;s Insight","https://esteemenergy.com.au/australia-online-casino-patterns-a-specialist-s-insight/","/australia-online-casino-patterns-a-specialist-s-insight/","","Latest-Advancement-and-Potential-Impacts-on-Solar-Technology.jpg","/assets/blog/australia-online-casino-patterns-a-specialist-s-insight/featured.jpg","featured","medium/uncertain","Needs original confirmation"
"Astronergy Solar Panels Review: A Complete Guide to Performance, Efficiency &amp; Warranty","https://esteemenergy.com.au/astronergy-solar-panels-review/","/astronergy-solar-panels-review/","","Solar-Panel-Temperature-Coefficient.png","/assets/blog/astronergy-solar-panels-review/featured.png","featured","medium/uncertain","Needs original confirmation"
"are trina solar panels any good","https://esteemenergy.com.au/are-trina-solar-panels-any-good/","/are-trina-solar-panels-any-good/","","previous verified match","/assets/blog/are-trina-solar-panels-any-good/featured.jpg","featured","exact","Needs original confirmation"
"Are Solar Panels Recyclable","https://esteemenergy.com.au/are-solar-panels-recyclable/","/are-solar-panels-recyclable/","","residential-solar-panel.png","/assets/blog-images/are-solar-panels-recyclable/featured.jpg","featured","medium/uncertain","Replaced/local match"
"Alpha ESS Battery Vs Tesla","https://esteemenergy.com.au/alpha-ess-battery-vs-tesla/","/alpha-ess-battery-vs-tesla/","","previous verified match","/assets/blog-images/alpha-ess-battery-vs-tesla/featured.jpg","featured","exact","Replaced/local match"
"Solis Inverters Review: A Comprehensive Guide to Efficiency, Durability, and Performance","https://esteemenergy.com.au/all-about-solis-inverter-and-review/","/all-about-solis-inverter-and-review/","","Solis-Inverter-review.png","/assets/blog/all-about-solis-inverter-and-review/featured.png","featured","medium/uncertain","Needs original confirmation"
"EV Charger Installation Cost in Australia: Your Complete Guide to Affordable Charging Solutions","https://esteemenergy.com.au/ev-charger-installation-cost/","/ev-charger-installation-cost/","","Electric-Vehicles.png","/assets/blog/ev-charger-installation-cost/featured.png","featured","medium/uncertain","Needs original confirmation"
"enphase vs fronius","https://esteemenergy.com.au/enphase-vs-fronius/","/enphase-vs-fronius/","","previous verified match","/assets/blog/enphase-vs-fronius/featured.jpg","featured","exact","Needs original confirmation"
"Electricity Prices in South Australia: 2025 Trends, Cost Comparisons &amp; How Solar Can Maximize Your ROI","https://esteemenergy.com.au/electricity-prices-in-south-australia/","/electricity-prices-in-south-australia/","","solar-water-heater-solar-panel-installed-dollar-bills-roof-white-background-3d-rendering_476612-8227.jpg","/assets/blog/electricity-prices-in-south-australia/featured.jpg","featured","medium/uncertain","Needs original confirmation"
"Electricity Charges Per KWh","https://esteemenergy.com.au/electricity-charges-per-kwh/","/electricity-charges-per-kwh/","","solar-water-heater-solar-panel-installed-dollar-bills-roof-white-background-3d-rendering_476612-8227.jpg","/assets/blog/electricity-charges-per-kwh/featured.jpg","featured","medium/uncertain","Needs original confirmation"
"Does Your Solar System Need Maintenance? A Complete Guide to Cleaning, Servicing &amp; System Health","https://esteemenergy.com.au/does-your-solar-system-need-maintenance/","/does-your-solar-system-need-maintenance/","","cleaning-solar-panels.png","/assets/blog/does-your-solar-system-need-maintenance/featured.png","featured","medium/uncertain","Needs original confirmation"
"Do Solar Panels Work At Night","https://esteemenergy.com.au/do-solar-panels-work-at-night/","/do-solar-panels-work-at-night/","","Solar-Panel-Temperature-Coefficient.png","/assets/blog/do-solar-panels-work-at-night/featured.png","featured","medium/uncertain","Needs original confirmation"
"Do Solar Panels Need Direct Sunlight to Work Efficiently? Uncover the Truth About Shade, Clouds, and Solar Power","https://esteemenergy.com.au/do-solar-panels-need-direct-sunlight/","/do-solar-panels-need-direct-sunlight/","","Solar-Panel-Temperature-Coefficient.png","/assets/blog/do-solar-panels-need-direct-sunlight/featured.png","featured","medium/uncertain","Needs original confirmation"
"Discovering Constraints in Best Online Casino Australia","https://esteemenergy.com.au/discovering-constraints-in-best-online-casino-australia/","/discovering-constraints-in-best-online-casino-australia/","","Latest-Advancement-and-Potential-Impacts-on-Solar-Technology.jpg","/assets/blog/discovering-constraints-in-best-online-casino-australia/featured.jpg","featured","medium/uncertain","Needs original confirmation"
"The Disadvantages of Solar Energy: What You Need to Know Before Going Solar in 2025","https://esteemenergy.com.au/disadvantages-of-solar-energy/","/disadvantages-of-solar-energy/","","Latest-Advancement-and-Potential-Impacts-on-Solar-Technology.jpg","/assets/blog/disadvantages-of-solar-energy/featured.jpg","featured","medium/uncertain","Needs original confirmation"
"Determining the Ideal Solar System Size for Your Australian Home in 2026","https://esteemenergy.com.au/determining-the-ideal-solar-system-size-for-your-australian-home-in-2026/","/determining-the-ideal-solar-system-size-for-your-australian-home-in-2026/","","5-kw-Solar-System.png","/assets/blog/determining-the-ideal-solar-system-size-for-your-australian-home-in-2026/featured.png","featured","medium/uncertain","Needs original confirmation"
"Das Solar Panels Review","https://esteemenergy.com.au/das-solar-panels-review/","/das-solar-panels-review/","","residential-solar-panel.png","/assets/blog-images/das-solar-panels-review/featured.jpg","featured","medium/uncertain","Replaced/local match"
"Cryptoslots Canada guide for secure crypto play","https://esteemenergy.com.au/cryptoslots-canada-guide-for-secure-crypto-play/","/cryptoslots-canada-guide-for-secure-crypto-play/","","Latest-Advancement-and-Potential-Impacts-on-Solar-Technology.jpg","/assets/blog/cryptoslots-canada-guide-for-secure-crypto-play/featured.jpg","featured","medium/uncertain","Needs original confirmation"
"Sungrow vs GoodWe: The Ultimate Solar Inverter Comparison 2025","https://esteemenergy.com.au/sungrow-vs-goodwe/","/sungrow-vs-goodwe/","","Inverters-Convert-The-Energy-To-Electricity.png","/assets/blog/sungrow-vs-goodwe/featured.png","featured","medium/uncertain","Needs original confirmation"
"Sungrow Vs Fronius","https://esteemenergy.com.au/sungrow-vs-fronius/","/sungrow-vs-fronius/","","Latest-Advancement-and-Potential-Impacts-on-Solar-Technology.jpg","/assets/blog/sungrow-vs-fronius/featured.jpg","featured","medium/uncertain","Needs original confirmation"
"Sungrow Inverter Review","https://esteemenergy.com.au/sungrow-inverter-review/","/sungrow-inverter-review/","","Inverters-Convert-The-Energy-To-Electricity.png","/assets/blog-images/sungrow-inverter-review/featured.jpg","featured","medium/uncertain","Replaced/local match"
"Sungrow Battery Vs Tesla","https://esteemenergy.com.au/sungrow-battery-vs-tesla/","/sungrow-battery-vs-tesla/","","Alpha-ESS-Battery-Vs-Tesla.jpg","/assets/blog/sungrow-battery-vs-tesla/featured.jpg","featured","medium/uncertain","Needs original confirmation"
"Sungrow Battery Review","https://esteemenergy.com.au/sungrow-battery-review/","/sungrow-battery-review/","","Solar-Panel-Battery.webp","/assets/blog/sungrow-battery-review/featured.webp","featured","medium/uncertain","Needs original confirmation"
"Steps of Solar Installation","https://esteemenergy.com.au/steps-solar-installation/","/steps-solar-installation/","","Solar-Panel-installation.png","/assets/blog-images/steps-solar-installation/featured.jpg","featured","medium/uncertain","Replaced/local match"
"Sonnen Battery Price","https://esteemenergy.com.au/sonnen-battery-price/","/sonnen-battery-price/","","Solar-Panel-Battery.webp","/assets/blog/sonnen-battery-price/featured.webp","featured","medium/uncertain","Needs original confirmation"
"solis inverter vs fronius","https://esteemenergy.com.au/solis-inverter-vs-fronius/","/solis-inverter-vs-fronius/","","previous verified match","/assets/blog/solis-inverter-vs-fronius/featured.jpg","featured","exact","Needs original confirmation"
"solaredge vs fronius","https://esteemenergy.com.au/solaredge-vs-fronius/","/solaredge-vs-fronius/","","previous verified match","/assets/blog/solaredge-vs-fronius/featured.avif","featured","exact","Needs original confirmation"
"solaredge vs enphase","https://esteemenergy.com.au/solaredge-vs-enphase/","/solaredge-vs-enphase/","","previous verified match","/assets/blog/solaredge-vs-enphase/featured.avif","featured","exact","Needs original confirmation"
"solaredge battery vs tesla powerwall","https://esteemenergy.com.au/solaredge-battery-vs-tesla-powerwall/","/solaredge-battery-vs-tesla-powerwall/","","previous verified match","/assets/blog/solaredge-battery-vs-tesla-powerwall/featured.jpg","featured","exact","Needs original confirmation"
"Latest Solar Panel Technology","https://esteemenergy.com.au/solar-systems-advancement/","/solar-systems-advancement/","","residential-solar-panel.png","/assets/blog-images/solar-systems-advancement/featured.jpg","featured","medium/uncertain","Replaced/local match"
"Solar Rebate NSW 2026 Update: What Has Changed This Year?","https://esteemenergy.com.au/solar-rebate-nsw-2026-update/","/solar-rebate-nsw-2026-update/","","previous verified match","/assets/blog/solar-rebate-nsw-2026-update/featured.png","featured","exact","Needs original confirmation"
"Solar Quotes Sydney NSW: How Homeowners in Sydney Are Cutting Electricity Bills with Smart Solar Deals","https://esteemenergy.com.au/solar-quotes-sydney-nsw/","/solar-quotes-sydney-nsw/","","previous verified match","/assets/blog/solar-quotes-sydney-nsw/featured.jpg","featured","exact","Needs original confirmation"
"Solar Power Systems Prices","https://esteemenergy.com.au/solar-power-systems-prices/","/solar-power-systems-prices/","","Cost-Savings-on-Energy-Bills.png","/assets/blog-images/solar-power-systems-prices/featured.jpg","featured","medium/uncertain","Replaced/local match"
"Solar Performance in Winter Season!","https://esteemenergy.com.au/solar-performance-winter-season/","/solar-performance-winter-season/","","previous verified match","/assets/blog-images/solar-performance-winter-season/featured.jpg","featured","exact","Replaced/local match"
"Solar Panels vs Electricity Bills: Understanding Potential Savings","https://esteemenergy.com.au/solar-panels-vs-electricity-bills-savings/","/solar-panels-vs-electricity-bills-savings/","","","/assets/blog-images/solar-panels-vs-electricity-bills-savings/featured.png","featured","medium/uncertain","Replaced/local match"
"Solar Panels Sunshine Coast â€“ The Ultimate Guide to Cost, Rebates &amp; Installation","https://esteemenergy.com.au/solar-panels-sunshine-coast/","/solar-panels-sunshine-coast/","","Solar-Panel-Rebates.png","/assets/blog/solar-panels-sunshine-coast/featured.png","featured","medium/uncertain","Needs original confirmation"
"solar panels not working","https://esteemenergy.com.au/solar-panels-not-working/","/solar-panels-not-working/","","previous verified match","/assets/blog/solar-panels-not-working/featured.avif","featured","exact","Needs original confirmation"
"Why Solar Panels Are Best To Install In Spring?","https://esteemenergy.com.au/solar-panels-install-spring/","/solar-panels-install-spring/","","previous verified match","/assets/blog/solar-panels-install-spring/featured.png","featured","exact","Needs original confirmation"
"Which Solar Panels Are Right for Your Home?","https://esteemenergy.com.au/solar-panels-for-your-home/","/solar-panels-for-your-home/","","residential-solar-panel.png","/assets/blog/solar-panels-for-your-home/featured.png","featured","medium/uncertain","Needs original confirmation"
"Solar Panels FAQs: Sydney","https://esteemenergy.com.au/solar-panels-faqs/","/solar-panels-faqs/","","previous verified match","/assets/blog/solar-panels-faqs/featured.png","featured","exact","Needs original confirmation"
"Solar Panels Cost Sydney","https://esteemenergy.com.au/solar-panels-cost-sydney/","/solar-panels-cost-sydney/","","Cost-Savings-on-Energy-Bills.png","/assets/blog-images/solar-panels-cost-sydney/featured.jpg","featured","medium/uncertain","Replaced/local match"
"Solar Panel Temperature Coefficient","https://esteemenergy.com.au/solar-panel-temperature-coefficient/","/solar-panel-temperature-coefficient/","","previous verified match","/assets/blog-images/solar-panel-temperature-coefficient/featured.png","featured","exact","Replaced/local match"
"Solar Panel System","https://esteemenergy.com.au/solar-panel-system/","/solar-panel-system/","","residential-solar-panel.png","/assets/blog-images/solar-panel-system/featured.png","featured","medium/uncertain","Replaced/local match"
"Solar Panel Subsidy","https://esteemenergy.com.au/solar-panel-subsidy/","/solar-panel-subsidy/","","Solar-Panel-Rebates.png","/assets/blog-images/solar-panel-subsidy/featured.png","featured","medium/uncertain","Replaced/local match"
"Solar Panel Replacement","https://esteemenergy.com.au/solar-panel-replacement/","/solar-panel-replacement/","","residential-solar-panel.png","/assets/blog-images/solar-panel-replacement/featured.png","featured","medium/uncertain","Replaced/local match"
"Solar Panel Rebate QLD 2025: Save Big on Solar Energy Rebates Queensland","https://esteemenergy.com.au/solar-panel-rebate-qld/","/solar-panel-rebate-qld/","","Solar-Panel-Rebates.png","/assets/blog/solar-panel-rebate-qld/featured.png","featured","medium/uncertain","Needs original confirmation"
"solar panel not charging battery","https://esteemenergy.com.au/solar-panel-not-charging-battery/","/solar-panel-not-charging-battery/","","previous verified match","/assets/blog/solar-panel-not-charging-battery/featured.avif","featured","exact","Needs original confirmation"
"Solar Panel Maintenance","https://esteemenergy.com.au/solar-panel-maintenance-tips/","/solar-panel-maintenance-tips/","","Solar-Panel-Maintenance-Guide.png","/assets/blog-images/solar-panel-maintenance-tips/featured.png","featured","medium/uncertain","Replaced/local match"
"Solar Panel Maintenance Guide","https://esteemenergy.com.au/solar-panel-maintenance-guide/","/solar-panel-maintenance-guide/","","previous verified match","/assets/blog-images/solar-panel-maintenance-guide/featured.png","featured","exact","Replaced/local match"
"Best Solar Feed-in Tariff Brisbane: Maximize Your Solar Savings","https://esteemenergy.com.au/cost-of-solar-panels-perth/","/cost-of-solar-panels-perth/","","What-Is-Solar-Feed-In-Tariff.jpg","/assets/blog/cost-of-solar-panels-perth/featured.jpg","featured","medium/uncertain","Needs original confirmation"
"Solar Panel Installation: What Homeowners Should Expect","https://esteemenergy.com.au/solar-panel-installation-guide/","/solar-panel-installation-guide/","","","/assets/blog-images/solar-panel-installation-guide/featured.webp","featured","medium/uncertain","Replaced/local match"
"Solar Panel In Sydney","https://esteemenergy.com.au/solar-panel-in-sydney/","/solar-panel-in-sydney/","","previous verified match","/assets/blog/solar-panel-in-sydney/featured.webp","featured","exact","Needs original confirmation"
"Solar Panel Efficiency","https://esteemenergy.com.au/solar-panel-efficiency/","/solar-panel-efficiency/","","Solar-Panel-Temperature-Coefficient.png","/assets/blog-images/solar-panel-efficiency/featured.jpg","featured","medium/uncertain","Replaced/local match"
"Solar panel disadvantages","https://esteemenergy.com.au/solar-panel-disadvantages/","/solar-panel-disadvantages/","","residential-solar-panel.png","/assets/blog-images/solar-panel-disadvantages/featured.png","featured","medium/uncertain","Replaced/local match"
"Solar Panel Cost","https://esteemenergy.com.au/solar-panel-cost/","/solar-panel-cost/","","Cost-Savings-on-Energy-Bills.png","/assets/blog-images/solar-panel-cost/featured.png","featured","medium/uncertain","Replaced/local match"
"Solar Panel cleaning","https://esteemenergy.com.au/solar-panel-cleaning-guide/","/solar-panel-cleaning-guide/","","cleaning-solar-panels.png","/assets/blog-images/solar-panel-cleaning-guide/featured.jpg","featured","medium/uncertain","Replaced/local match"
"Solar Panel Cleaning - Forward Step For a Better Future!","https://esteemenergy.com.au/solar-panel-cleaning/","/solar-panel-cleaning/","","cleaning-solar-panels.png","/assets/blog-images/solar-panel-cleaning/featured.webp","featured","medium/uncertain","Replaced/local match"
"The Ultimate Guide to Solar Panel and Battery Systems in Australia","https://esteemenergy.com.au/solar-panel-and-battery/","/solar-panel-and-battery/","","Solar-Panel-Battery.webp","/assets/blog-images/solar-panel-and-battery/featured.webp","featured","medium/uncertain","Replaced/local match"
"Cost of solar panels on a home","https://esteemenergy.com.au/cost-of-solar-panels-on-a-home/","/cost-of-solar-panels-on-a-home/","","Cost-Savings-on-Energy-Bills.png","/assets/blog-images/cost-of-solar-panels-on-a-home/featured.jpg","featured","medium/uncertain","Replaced/local match"
"Solar Inverters Explained: What They Do and Why They Matter","https://esteemenergy.com.au/solar-inverters-explained/","/solar-inverters-explained/","","","/assets/blog-images/solar-inverters-explained/featured.png","featured","medium/uncertain","Replaced/local match"
"A Comprehensive Guide to Solar Inverter Replacement: Costs, Signs, Steps &amp; Best Brands","https://esteemenergy.com.au/solar-inverter-replacement/","/solar-inverter-replacement/","","Inverters-Convert-The-Energy-To-Electricity.png","/assets/blog/solar-inverter-replacement/featured.png","featured","medium/uncertain","Needs original confirmation"
"Cost of Solar Panels for a 4-Bedroom House in Australia (2025 Guide)","https://esteemenergy.com.au/cost-of-solar-panels-for-4-bedroom-house/","/cost-of-solar-panels-for-4-bedroom-house/","","Cost-Savings-on-Energy-Bills.png","/assets/blog/cost-of-solar-panels-for-4-bedroom-house/featured.png","featured","medium/uncertain","Needs original confirmation"
"Solar Inverter Repairs Perth: Essential Guide for Homeowners and Businesses","https://esteemenergy.com.au/solar-inverter-repairs-perth/","/solar-inverter-repairs-perth/","","commercial-solar-systems-10kw-379365895-734o8.webp","/assets/blog/solar-inverter-repairs-perth/featured.webp","featured","medium/uncertain","Needs original confirmation"
"Cost of Solar Panels Brisbane: A Complete Guide for 2025","https://esteemenergy.com.au/cost-of-solar-panels-brisbane/","/cost-of-solar-panels-brisbane/","","Cost-Savings-on-Energy-Bills.png","/assets/blog/cost-of-solar-panels-brisbane/featured.png","featured","medium/uncertain","Needs original confirmation"
"Cost Of Electricity In Sydney","https://esteemenergy.com.au/cost-of-electricity-sydney/","/cost-of-electricity-sydney/","","solar-water-heater-solar-panel-installed-dollar-bills-roof-white-background-3d-rendering_476612-8227.jpg","/assets/blog/cost-of-electricity-sydney/featured.jpg","featured","medium/uncertain","Needs original confirmation"
"Solar Installation Process - NSW","https://esteemenergy.com.au/solar-installation-process/","/solar-installation-process/","","previous verified match","/assets/blog/solar-installation-process/featured.png","featured","exact","Needs original confirmation"
"Cost Of Electricity In Australia Per KWh","https://esteemenergy.com.au/cost-of-electricity-in-australia-per-kwh/","/cost-of-electricity-in-australia-per-kwh/","","solar-water-heater-solar-panel-installed-dollar-bills-roof-white-background-3d-rendering_476612-8227.jpg","/assets/blog/cost-of-electricity-in-australia-per-kwh/featured.jpg","featured","medium/uncertain","Needs original confirmation"
"Solar Installation Cost","https://esteemenergy.com.au/solar-installation-cost/","/solar-installation-cost/","","Solar-Panel-installation.png","/assets/blog-images/solar-installation-cost/featured.jpg","featured","medium/uncertain","Replaced/local match"
"Cost Of Battery For Solar Panels","https://esteemenergy.com.au/cost-of-battery-for-solar-panels/","/cost-of-battery-for-solar-panels/","","Solar-Panel-Battery.webp","/assets/blog-images/cost-of-battery-for-solar-panels/featured.webp","featured","medium/uncertain","Replaced/local match"
"Solar Financing Is a Good Idea? Different Options for Solar Loan Explained","https://esteemenergy.com.au/solar-financing-is-a-good-idea-different-options-for-solar-loan/","/solar-financing-is-a-good-idea-different-options-for-solar-loan/","","Latest-Advancement-and-Potential-Impacts-on-Solar-Technology.jpg","/assets/blog/solar-financing-is-a-good-idea-different-options-for-solar-loan/featured.jpg","featured","medium/uncertain","Needs original confirmation"
"Cost of 13kw Solar System","https://esteemenergy.com.au/cost-of-13kw-solar-system/","/cost-of-13kw-solar-system/","","5-kw-Solar-System.png","/assets/blog-images/cost-of-13kw-solar-system/featured.png","featured","medium/uncertain","Replaced/local match"
"Solar Energy in Australia","https://esteemenergy.com.au/solar-energy-australia/","/solar-energy-australia/","","previous verified match","/assets/blog/solar-energy-australia/featured.png","featured","exact","Needs original confirmation"
"Common Myths To Avoid and The Reason Behind Solar Systems","https://esteemenergy.com.au/common-myths-avoid-reason-behind-solar-systems/","/common-myths-avoid-reason-behind-solar-systems/","","Latest-Advancement-and-Potential-Impacts-on-Solar-Technology.jpg","/assets/blog-images/common-myths-avoid-reason-behind-solar-systems/featured.jpg","featured","medium/uncertain","Replaced/local match"
"Solar Companies Gold Coast","https://esteemenergy.com.au/solar-companies-gold-coast/","/solar-companies-gold-coast/","","Latest-Advancement-and-Potential-Impacts-on-Solar-Technology.jpg","/assets/blog-images/solar-companies-gold-coast/featured.webp","featured","medium/uncertain","Replaced/local match"
"Understanding Commercial Solar Panel Installation Cost in 2025: A Comprehensive Guide","https://esteemenergy.com.au/commercial-solar-panel-installation-cost/","/commercial-solar-panel-installation-cost/","","commercial-solar-systems-10kw-379365895-734o8.webp","/assets/blog/commercial-solar-panel-installation-cost/featured.webp","featured","medium/uncertain","Needs original confirmation"
"Solar Battery Price Perth â€“ Cost Breakdown, Best Options &amp; Savings","https://esteemenergy.com.au/solar-battery-price-perth/","/solar-battery-price-perth/","","Solar-Panel-Battery.webp","/assets/blog/solar-battery-price-perth/featured.webp","featured","medium/uncertain","Needs original confirmation"
"Why Commercial Solar Companies Are Essential for Future-Ready Businesses","https://esteemenergy.com.au/commercial-solar-companies/","/commercial-solar-companies/","","commercial-solar-systems-10kw-379365895-734o8.webp","/assets/blog/commercial-solar-companies/featured.webp","featured","medium/uncertain","Needs original confirmation"
"Solar Battery Cost in Australia (2026): Complete Guide for Homeowners","https://esteemenergy.com.au/solar-battery-cost-in-australia-2026/","/solar-battery-cost-in-australia-2026/","","previous verified match","/assets/blog/solar-battery-cost-in-australia-2026/featured.png","featured","exact","Needs original confirmation"
"Charging an EV with Solar Panels","https://esteemenergy.com.au/charging-an-ev-with-solar-panels/","/charging-an-ev-with-solar-panels/","","Electric-Vehicles.png","/assets/blog-images/charging-an-ev-with-solar-panels/featured.jpg","featured","medium/uncertain","Replaced/local match"
"Solar Battery Cost","https://esteemenergy.com.au/solar-battery-cost/","/solar-battery-cost/","","Solar-Panel-Battery.webp","/assets/blog-images/solar-battery-cost/featured.png","featured","medium/uncertain","Replaced/local match"
"Canadian Solar Panels Review","https://esteemenergy.com.au/canadian-solar-panels-review/","/canadian-solar-panels-review/","","residential-solar-panel.png","/assets/blog-images/canadian-solar-panels-review/featured.avif","featured","medium/uncertain","Replaced/local match"
"Solar Battery Adelaide","https://esteemenergy.com.au/solar-battery-adelaide/","/solar-battery-adelaide/","","Solar-Panel-Battery.webp","/assets/blog-images/solar-battery-adelaide/featured.png","featured","medium/uncertain","Replaced/local match"
"Solar Batteries Price","https://esteemenergy.com.au/solar-batteries-price/","/solar-batteries-price/","","Cost-Savings-on-Energy-Bills.png","/assets/blog-images/solar-batteries-price/featured.png","featured","medium/uncertain","Replaced/local match"
"can you add solar panels to existing system","https://esteemenergy.com.au/can-you-add-solar-panels-to-existing-system/","/can-you-add-solar-panels-to-existing-system/","","previous verified match","/assets/blog/can-you-add-solar-panels-to-existing-system/featured.jpg","featured","exact","Needs original confirmation"
"Solar Batteries: Is They Worth To Install?","https://esteemenergy.com.au/solar-batteries/","/solar-batteries/","","previous verified match","/assets/blog/solar-batteries/featured.png","featured","exact","Needs original confirmation"
"A Comprehensive Guide to Calculate the Cost of Installing a Solar Panel in Australia","https://esteemenergy.com.au/calculate-the-cost-of-installing-a-solar-panel/","/calculate-the-cost-of-installing-a-solar-panel/","","Solar-Panel-installation.png","/assets/blog/calculate-the-cost-of-installing-a-solar-panel/featured.png","featured","medium/uncertain","Needs original confirmation"
"Sofar Inverter Review","https://esteemenergy.com.au/sofar-inverter-review/","/sofar-inverter-review/","","previous verified match","/assets/blog/sofar-inverter-review/featured.jpg","featured","exact","Needs original confirmation"
"Single-Phase Vs Three-Phase Solar Systems","https://esteemenergy.com.au/single-phase-vs-three-phase-solar-systems/","/single-phase-vs-three-phase-solar-systems/","","previous verified match","/assets/blog/single-phase-vs-three-phase-solar-systems/featured.jpg","featured","exact","Needs original confirmation"
"Byd Battery Vs Tesla Battery","https://esteemenergy.com.au/byd-battery-vs-tesla-battery/","/byd-battery-vs-tesla-battery/","","Alpha-ESS-Battery-Vs-Tesla.jpg","/assets/blog/byd-battery-vs-tesla-battery/featured.jpg","featured","medium/uncertain","Needs original confirmation"
"bird proofing solar panels","https://esteemenergy.com.au/bird-proofing-solar-panels/","/bird-proofing-solar-panels/","","previous verified match","/assets/blog/bird-proofing-solar-panels/featured.jpg","featured","exact","Needs original confirmation"
"shingled vs monocrystalline panels","https://esteemenergy.com.au/shingled-vs-monocrystalline-panels/","/shingled-vs-monocrystalline-panels/","","previous verified match","/assets/blog/shingled-vs-monocrystalline-panels/featured.jpg","featured","exact","Needs original confirmation"
"Biggest Solar Farm In Australia","https://esteemenergy.com.au/biggest-solar-farm-in-australia/","/biggest-solar-farm-in-australia/","","previous verified match","/assets/blog/biggest-solar-farm-in-australia/featured.jpg","featured","exact","Needs original confirmation"
"seraphim solar panels review","https://esteemenergy.com.au/seraphim-solar-panels-review/","/seraphim-solar-panels-review/","","previous verified match","/assets/blog/seraphim-solar-panels-review/featured.jpg","featured","exact","Needs original confirmation"
"Best Way To Clean Solar Panels","https://esteemenergy.com.au/best-way-to-clean-solar-panels/","/best-way-to-clean-solar-panels/","","cleaning-solar-panels.png","/assets/blog-images/best-way-to-clean-solar-panels/featured.jpg","featured","medium/uncertain","Replaced/local match"
"SAJ Inverter Review: Comprehensive Insights on Features, Cost, Efficiency, and Performance in Australia","https://esteemenergy.com.au/saj-inverter-review/","/saj-inverter-review/","","Solis-Inverter-review.png","/assets/blog/saj-inverter-review/featured.png","featured","medium/uncertain","Needs original confirmation"
"Best Solar System For Residential Projects in NSW","https://esteemenergy.com.au/best-solar-system-for-residential-projects-nsw/","/best-solar-system-for-residential-projects-nsw/","","previous verified match","/assets/blog/best-solar-system-for-residential-projects-nsw/featured.webp","featured","exact","Needs original confirmation"
"Risen Solar Panels vs Jinko: Which One Delivers Better Value for Australian Homes in 2025?","https://esteemenergy.com.au/risen-solar-panels-vs-jinko/","/risen-solar-panels-vs-jinko/","","residential-solar-panel.png","/assets/blog/risen-solar-panels-vs-jinko/featured.png","featured","medium/uncertain","Needs original confirmation"
"How Much Cost to Install Solar Panels in Australia: A Complete Guide","https://esteemenergy.com.au/how-much-cost-to-install-solar-panels/","/how-much-cost-to-install-solar-panels/","","Solar-Panel-installation.png","/assets/blog-images/how-much-cost-to-install-solar-panels/featured.webp","featured","medium/uncertain","Replaced/local match"
"Risen Solar Panel Review: A Comprehensive Guide to Performance, Efficiency, and Pricing","https://esteemenergy.com.au/risen-solar-panel-review/","/risen-solar-panel-review/","","Solar-Panel-Temperature-Coefficient.png","/assets/blog/risen-solar-panel-review/featured.png","featured","medium/uncertain","Needs original confirmation"
"How Much Are Solar Batteries in Australia? | 2025 Cost Breakdown &amp; Smart Buying Guide","https://esteemenergy.com.au/how-much-are-solar-batteries/","/how-much-are-solar-batteries/","","Cost-Savings-on-Energy-Bills.png","/assets/blog/how-much-are-solar-batteries/featured.png","featured","medium/uncertain","Needs original confirmation"
"How Many Solar Panels for 10kW Solar System?","https://esteemenergy.com.au/how-many-solar-panels-for-10kw-2/","/how-many-solar-panels-for-10kw-2/","","5-kw-Solar-System.png","/assets/blog/how-many-solar-panels-for-10kw-2/featured.png","featured","medium/uncertain","Needs original confirmation"
"How Many Solar Panels For 10KW","https://esteemenergy.com.au/how-many-solar-panels-for-10kw/","/how-many-solar-panels-for-10kw/","","5-kw-Solar-System.png","/assets/blog-images/how-many-solar-panels-for-10kw/featured.jpg","featured","medium/uncertain","Replaced/local match"
"A Right Path To Choose The Solar in Sydney","https://esteemenergy.com.au/right-path-choose-solar-sydney/","/right-path-choose-solar-sydney/","","Latest-Advancement-and-Potential-Impacts-on-Solar-Technology.jpg","/assets/blog/right-path-choose-solar-sydney/featured.jpg","featured","medium/uncertain","Needs original confirmation"
"How Many Solar Panels Do I Need","https://esteemenergy.com.au/how-many-solar-panels-do-i-need/","/how-many-solar-panels-do-i-need/","","residential-solar-panel.png","/assets/blog/how-many-solar-panels-do-i-need/featured.png","featured","medium/uncertain","Needs original confirmation"
"How Many Panels In A 6.6KW Solar System","https://esteemenergy.com.au/how-many-panels-in-a-6-6kw-solar-system/","/how-many-panels-in-a-6-6kw-solar-system/","","5-kw-Solar-System.png","/assets/blog-images/how-many-panels-in-a-6-6kw-solar-system/featured.webp","featured","medium/uncertain","Replaced/local match"
"Refinancing House With Solar Panels","https://esteemenergy.com.au/refinancing-house-with-solar-panels/","/refinancing-house-with-solar-panels/","","previous verified match","/assets/blog/refinancing-house-with-solar-panels/featured.png","featured","exact","Needs original confirmation"
"how many panels in a 5kw system","https://esteemenergy.com.au/how-many-panels-in-a-5kw-system/","/how-many-panels-in-a-5kw-system/","","previous verified match","/assets/blog/how-many-panels-in-a-5kw-system/featured.jpg","featured","exact","Needs original confirmation"
"Reasons for getting Solar Panels","https://esteemenergy.com.au/reasons-for-getting-solar-panels/","/reasons-for-getting-solar-panels/","","previous verified match","/assets/blog/reasons-for-getting-solar-panels/featured.png","featured","exact","Needs original confirmation"
"How Many Panels in a 3kW Solar System? A Comprehensive Guide to Sizing and Installation","https://esteemenergy.com.au/how-many-panels-in-a-3kw-solar-system/","/how-many-panels-in-a-3kw-solar-system/","","Solar-Panel-installation.png","/assets/blog/how-many-panels-in-a-3kw-solar-system/featured.png","featured","medium/uncertain","Needs original confirmation"
"Questions To Be Asked To Solar Installers","https://esteemenergy.com.au/questions-asked-to-solar-installers/","/questions-asked-to-solar-installers/","","previous verified match","/assets/blog/questions-asked-to-solar-installers/featured.png","featured","exact","Needs original confirmation"
"how many panels for 10kw system","https://esteemenergy.com.au/how-many-panels-for-10kw-system/","/how-many-panels-for-10kw-system/","","previous verified match","/assets/blog/how-many-panels-for-10kw-system/featured.jpg","featured","exact","Needs original confirmation"
"How Long Do Solar Panels Last","https://esteemenergy.com.au/how-long-do-solar-panels-last/","/how-long-do-solar-panels-last/","","residential-solar-panel.png","/assets/blog-images/how-long-do-solar-panels-last/featured.png","featured","medium/uncertain","Replaced/local match"
"Purchasing Power Through Co-Operatives","https://esteemenergy.com.au/purchasing-power-through-co-operatives/","/purchasing-power-through-co-operatives/","","Latest-Advancement-and-Potential-Impacts-on-Solar-Technology.jpg","/assets/blog/purchasing-power-through-co-operatives/featured.jpg","featured","medium/uncertain","Needs original confirmation"
"How Does Solar Energy Work","https://esteemenergy.com.au/how-does-solar-energy-work/","/how-does-solar-energy-work/","","Latest-Advancement-and-Potential-Impacts-on-Solar-Technology.jpg","/assets/blog-images/how-does-solar-energy-work/featured.png","featured","medium/uncertain","Replaced/local match"
"How do you connect a solar panel to a battery","https://esteemenergy.com.au/how-do-you-connect-a-solar-panel-to-a-battery/","/how-do-you-connect-a-solar-panel-to-a-battery/","","Solar-Panel-Battery.webp","/assets/blog-images/how-do-you-connect-a-solar-panel-to-a-battery/featured.jpg","featured","medium/uncertain","Replaced/local match"
"How Do Solar Panels Work With Your Electric Bill? A Complete Guide for Homeowners","https://esteemenergy.com.au/how-do-solar-panels-work-with-your-electric-bill/","/how-do-solar-panels-work-with-your-electric-bill/","","solar-water-heater-solar-panel-installed-dollar-bills-roof-white-background-3d-rendering_476612-8227.jpg","/assets/blog/how-do-solar-panels-work-with-your-electric-bill/featured.jpg","featured","medium/uncertain","Needs original confirmation"
"How Do Solar Panels Work","https://esteemenergy.com.au/how-do-solar-panels-work/","/how-do-solar-panels-work/","","residential-solar-panel.png","/assets/blog-images/how-do-solar-panels-work/featured.jpg","featured","medium/uncertain","Replaced/local match"
"How Do Solar Inverters Work? A Complete Guide to Inverter Basics and Solar Electricity Flow","https://esteemenergy.com.au/how-do-solar-inverters-work/","/how-do-solar-inverters-work/","","Inverters-Convert-The-Energy-To-Electricity.png","/assets/blog/how-do-solar-inverters-work/featured.png","featured","medium/uncertain","Needs original confirmation"
"Process to get the best excellent solar quotes","https://esteemenergy.com.au/process-to-get-best-excellent-solar-quotes/","/process-to-get-best-excellent-solar-quotes/","","previous verified match","/assets/blog/process-to-get-best-excellent-solar-quotes/featured.png","featured","exact","Needs original confirmation"
"How Are Solar Panels Made","https://esteemenergy.com.au/how-are-solar-panels-made/","/how-are-solar-panels-made/","","residential-solar-panel.png","/assets/blog-images/how-are-solar-panels-made/featured.webp","featured","medium/uncertain","Replaced/local match"
"Power Produced by Solar Panels","https://esteemenergy.com.au/power-produced-by-solar-panels/","/power-produced-by-solar-panels/","","previous verified match","/assets/blog/power-produced-by-solar-panels/featured.png","featured","exact","Needs original confirmation"
"How Can 6.6 KW Solar Systems Be Financed?","https://esteemenergy.com.au/how-6-6-kw-solar-systems-financed/","/how-6-6-kw-solar-systems-financed/","","5-kw-Solar-System.png","/assets/blog/how-6-6-kw-solar-systems-financed/featured.png","featured","medium/uncertain","Needs original confirmation"
"Unlocking the Power of Savings: Home Battery Scheme South Australia Explained","https://esteemenergy.com.au/home-battery-scheme-south-australia/","/home-battery-scheme-south-australia/","","Solar-Panel-Battery.webp","/assets/blog/home-battery-scheme-south-australia/featured.webp","featured","medium/uncertain","Needs original confirmation"
"Perth Solar Force Reviews: What Customers Really Think About This Perth Solar Installation Company","https://esteemenergy.com.au/perth-solar-force-reviews/","/perth-solar-force-reviews/","","Solar-Panel-installation.png","/assets/blog/perth-solar-force-reviews/featured.png","featured","medium/uncertain","Needs original confirmation"
"A Comprehensive Guide to Solar Panel Rebates in Australia for 2024","https://esteemenergy.com.au/guide-solar-panel-rebates-australia/","/guide-solar-panel-rebates-australia/","","Solar-Panel-Rebates.png","/assets/blog/guide-solar-panel-rebates-australia/featured.png","featured","medium/uncertain","Needs original confirmation"
"Origin Solar Feed In Tariff","https://esteemenergy.com.au/origin-solar-feed-in-tariff/","/origin-solar-feed-in-tariff/","","What-Is-Solar-Feed-In-Tariff.jpg","/assets/blog/origin-solar-feed-in-tariff/featured.jpg","featured","medium/uncertain","Needs original confirmation"
"Guide To Maintain Solar System","https://esteemenergy.com.au/guide-maintain-solar-system/","/guide-maintain-solar-system/","","previous verified match","/assets/blog-images/guide-maintain-solar-system/featured.png","featured","exact","Replaced/local match"
"Off Grid Solar Inverter: Powering Independent Solar Systems for a Self-Sufficient Future","https://esteemenergy.com.au/off-grid-solar-inverter/","/off-grid-solar-inverter/","","Inverters-Convert-The-Energy-To-Electricity.png","/assets/blog/off-grid-solar-inverter/featured.png","featured","medium/uncertain","Needs original confirmation"
"Expanded guide for choosing the right Solar panel system with Esteem Energy","https://esteemenergy.com.au/guide-for-choosing-the-right-solar-panel-system/","/guide-for-choosing-the-right-solar-panel-system/","","residential-solar-panel.png","/assets/blog/guide-for-choosing-the-right-solar-panel-system/featured.png","featured","medium/uncertain","Needs original confirmation"
"Most Efficient Solar Systems to Install in The Home","https://esteemenergy.com.au/most-efficient-solar-systems-install-in-home/","/most-efficient-solar-systems-install-in-home/","","previous verified match","/assets/blog/most-efficient-solar-systems-install-in-home/featured.webp","featured","exact","Needs original confirmation"
"A Beginner&#39;s Guide For Cleaning Solar Panels","https://esteemenergy.com.au/guide-cleaning-solar-panels/","/guide-cleaning-solar-panels/","","cleaning-solar-panels.png","/assets/blog-images/guide-cleaning-solar-panels/featured.jpg","featured","medium/uncertain","Replaced/local match"
"Growatt Inverter Review","https://esteemenergy.com.au/growatt-inverter-review/","/growatt-inverter-review/","","Inverters-Convert-The-Energy-To-Electricity.png","/assets/blog/growatt-inverter-review/featured.png","featured","medium/uncertain","Needs original confirmation"
"Maximizing Your Savings: The Ultimate Guide to 2026 Solar Panel Rebates","https://esteemenergy.com.au/maximizing-your-savings-the-ultimate-guide-to-2026-solar-panel-rebates/","/maximizing-your-savings-the-ultimate-guide-to-2026-solar-panel-rebates/","","Solar-Panel-Rebates.png","/assets/blog/maximizing-your-savings-the-ultimate-guide-to-2026-solar-panel-rebates/featured.png","featured","medium/uncertain","Needs original confirmation"
"govt subsidies for 10kw system Australia","https://esteemenergy.com.au/govt-subsidies-for-10kw-system-australia/","/govt-subsidies-for-10kw-system-australia/","","previous verified match","/assets/blog/govt-subsidies-for-10kw-system-australia/featured.jpg","featured","exact","Needs original confirmation"
"Govt rebate solar panels","https://esteemenergy.com.au/govt-rebate-solar-panels/","/govt-rebate-solar-panels/","","Solar-Panel-Rebates.png","/assets/blog-images/govt-rebate-solar-panels/featured.jpg","featured","medium/uncertain","Replaced/local match"
"longi vs jinko solar panels","https://esteemenergy.com.au/longi-vs-jinko-solar-panels/","/longi-vs-jinko-solar-panels/","","previous verified match","/assets/blog/longi-vs-jinko-solar-panels/featured.jpg","featured","exact","Needs original confirmation"
"Unlocking Government Incentives for Installing a 6.6kW Solar System in Australia","https://esteemenergy.com.au/government-incentives-6-6-kw-solar-australia/","/government-incentives-6-6-kw-solar-australia/","","Solar-Panel-Rebates.png","/assets/blog/government-incentives-6-6-kw-solar-australia/featured.png","featured","medium/uncertain","Needs original confirmation"
"Longi Solar Panels Review","https://esteemenergy.com.au/longi-solar-panels-review/","/longi-solar-panels-review/","","residential-solar-panel.png","/assets/blog-images/longi-solar-panels-review/featured.jpg","featured","medium/uncertain","Replaced/local match"
"Why German Made Solar Panels are the Smart Choice for Australian Homeowners","https://esteemenergy.com.au/german-made-solar-panels/","/german-made-solar-panels/","","residential-solar-panel.png","/assets/blog/german-made-solar-panels/featured.png","featured","medium/uncertain","Needs original confirmation"
"The Ultimate Fronius Inverter Review: Models, Efficiency, Costs, and More","https://esteemenergy.com.au/fronius-inverter-review/","/fronius-inverter-review/","","fronius-inverter.webp","/assets/blog/fronius-inverter-review/featured.webp","featured","medium/uncertain","Needs original confirmation"
"Fox ESS Battery Review: Is This Solar Battery Worth It in 2026?","https://esteemenergy.com.au/fox-ess-battery-review/","/fox-ess-battery-review/","","previous verified match","/assets/blog/fox-ess-battery-review/featured.jpg","featured","exact","Needs original confirmation"
"Financing Rooftop Solar Energy System","https://esteemenergy.com.au/financing-rooftop-solar-energy-system/","/financing-rooftop-solar-energy-system/","","previous verified match","/assets/blog/financing-rooftop-solar-energy-system/featured.png","featured","exact","Needs original confirmation"
"The Evolving Landscape of Solar Energy in Australia","https://esteemenergy.com.au/evolving-landscape-solar-energy-australia/","/evolving-landscape-solar-energy-australia/","","Latest-Advancement-and-Potential-Impacts-on-Solar-Technology.jpg","/assets/blog-images/evolving-landscape-solar-energy-australia/featured.png","featured","medium/uncertain","Replaced/local match"
"Ev Charging Boosted With Solar Power","https://esteemenergy.com.au/ev-charging-boosted-with-solar-power/","/ev-charging-boosted-with-solar-power/","","previous verified match","/assets/blog/ev-charging-boosted-with-solar-power/featured.png","featured","exact","Needs original confirmation"
"How Much Will a 6.6kW Solar System Save Me in Australia? (2025 Guide)","https://esteemenergy.com.au/how-much-will-a-6-6kw-solar-system-save-me-2/","/how-much-will-a-6-6kw-solar-system-save-me-2/","","5-kw-Solar-System.png","/assets/blog/how-much-will-a-6-6kw-solar-system-save-me-2/featured.png","featured","medium/uncertain","Needs original confirmation"
"How Much Will A 6.6kw Solar System Save Me","https://esteemenergy.com.au/how-much-will-a-6-6kw-solar-system-save-me/","/how-much-will-a-6-6kw-solar-system-save-me/","","5-kw-Solar-System.png","/assets/blog/how-much-will-a-6-6kw-solar-system-save-me/featured.png","featured","medium/uncertain","Needs original confirmation"
"How Much Will a 5kW Solar System Save Me? A Comprehensive Guide to Solar Savings, Electricity Bill Reduction, and ROI","https://esteemenergy.com.au/how-much-will-a-5kw-solar-system-save-me/","/how-much-will-a-5kw-solar-system-save-me/","","5-kw-Solar-System.png","/assets/blog/how-much-will-a-5kw-solar-system-save-me/featured.png","featured","medium/uncertain","Needs original confirmation"
"How Much Will a 10kW Solar System Save Me in Australia?","https://esteemenergy.com.au/how-much-will-a-10kw-solar-system-save-me/","/how-much-will-a-10kw-solar-system-save-me/","","5-kw-Solar-System.png","/assets/blog/how-much-will-a-10kw-solar-system-save-me/featured.png","featured","medium/uncertain","Needs original confirmation"
"How Much Solar Do I Need","https://esteemenergy.com.au/how-much-solar-do-i-need/","/how-much-solar-do-i-need/","","Latest-Advancement-and-Potential-Impacts-on-Solar-Technology.jpg","/assets/blog/how-much-solar-do-i-need/featured.jpg","featured","medium/uncertain","Needs original confirmation"
"How Much Power Does a 5kW Solar System Generate? A Complete Guide","https://esteemenergy.com.au/how-much-power-does-a-5kw-solar-system-generate/","/how-much-power-does-a-5kw-solar-system-generate/","","5-kw-Solar-System.png","/assets/blog-images/how-much-power-does-a-5kw-solar-system-generate/featured.jpg","featured","medium/uncertain","Replaced/local match"
"how much power does a 10kw system produce","https://esteemenergy.com.au/how-much-power-does-a-10kw-system-produce/","/how-much-power-does-a-10kw-system-produce/","","previous verified match","/assets/blog/how-much-power-does-a-10kw-system-produce/featured.jpg","featured","exact","Needs original confirmation"
"how much power does 5kw system produce","https://esteemenergy.com.au/how-much-power-does-5kw-system-produce/","/how-much-power-does-5kw-system-produce/","","previous verified match","/assets/blog/how-much-power-does-5kw-system-produce/featured.jpg","featured","exact","Needs original confirmation"
"How Much Money Do You Save With Solar Panels Australia","https://esteemenergy.com.au/how-much-money-do-you-save-with-solar-panels-australia/","/how-much-money-do-you-save-with-solar-panels-australia/","","Cost-Savings-on-Energy-Bills.png","/assets/blog-images/how-much-money-do-you-save-with-solar-panels-australia/featured.webp","featured","medium/uncertain","Replaced/local match"
"How Much Electricity Can a 6.6 kW Solar System Produce?","https://esteemenergy.com.au/how-much-electricity-can-a-6-6-kw-solar-system-produce/","/how-much-electricity-can-a-6-6-kw-solar-system-produce/","","","/assets/blog-images/how-much-electricity-can-a-6-6-kw-solar-system-produce/featured.png","featured","medium/uncertain","Replaced/local match"
"How Much Does One Solar Panel Cost In Australia","https://esteemenergy.com.au/how-much-does-one-solar-panel-cost-in-australia/","/how-much-does-one-solar-panel-cost-in-australia/","","Cost-Savings-on-Energy-Bills.png","/assets/blog/how-much-does-one-solar-panel-cost-in-australia/featured.png","featured","medium/uncertain","Needs original confirmation"
"How Much Does Electricity Cost","https://esteemenergy.com.au/how-much-does-electricity-cost-australia/","/how-much-does-electricity-cost-australia/","","solar-water-heater-solar-panel-installed-dollar-bills-roof-white-background-3d-rendering_476612-8227.jpg","/assets/blog/how-much-does-electricity-cost-australia/featured.jpg","featured","medium/uncertain","Needs original confirmation"
"How Much Does a 6.6 KW Solar System Cost in Australia","https://esteemenergy.com.au/how-much-does-a-6-6-kw-solar-system-cost-in-australia/","/how-much-does-a-6-6-kw-solar-system-cost-in-australia/","","5-kw-Solar-System.png","/assets/blog-images/how-much-does-a-6-6-kw-solar-system-cost-in-australia/featured.png","featured","medium/uncertain","Replaced/local match"
"How Much Do Tesla Solar Panels Cost in 2025? | Tesla Solar Price, Roof Cost &amp; More Explained","https://esteemenergy.com.au/how-much-do-tesla-solar-panels-cost/","/how-much-do-tesla-solar-panels-cost/","","Alpha-ESS-Battery-Vs-Tesla.jpg","/assets/blog/how-much-do-tesla-solar-panels-cost/featured.jpg","featured","medium/uncertain","Needs original confirmation"
"How Much Do Solar Panels Cost in Sydney (2025 Guide)","https://esteemenergy.com.au/how-much-do-solar-panels-cost-sydney/","/how-much-do-solar-panels-cost-sydney/","","Cost-Savings-on-Energy-Bills.png","/assets/blog/how-much-do-solar-panels-cost-sydney/featured.png","featured","medium/uncertain","Needs original confirmation"
"Loan For Solar Panels","https://esteemenergy.com.au/loan-for-solar-panels/","/loan-for-solar-panels/","","residential-solar-panel.png","/assets/blog-images/loan-for-solar-panels/featured.jpg","featured","medium/uncertain","Replaced/local match"
"How Much Do Solar Panels Cost in Adelaide? (2025 Updated Guide)","https://esteemenergy.com.au/how-much-do-solar-panels-cost-adelaide/","/how-much-do-solar-panels-cost-adelaide/","","Cost-Savings-on-Energy-Bills.png","/assets/blog/how-much-do-solar-panels-cost-adelaide/featured.png","featured","medium/uncertain","Needs original confirmation"
"Latest Advancement and Potential Impacts on Solar Technology","https://esteemenergy.com.au/latest-advancement-potential-impacts-solar-technology/","/latest-advancement-potential-impacts-solar-technology/","","previous verified match","/assets/blog-images/latest-advancement-potential-impacts-solar-technology/featured.jpg","featured","exact","Replaced/local match"
"How Much Do Solar Panels Cost","https://esteemenergy.com.au/how-much-do-solar-panels-cost/","/how-much-do-solar-panels-cost/","","Cost-Savings-on-Energy-Bills.png","/assets/blog-images/how-much-do-solar-panels-cost/featured.jpg","featured","medium/uncertain","Replaced/local match"
"Jinko Solar Panels Review","https://esteemenergy.com.au/jinko-solar-panels-review/","/jinko-solar-panels-review/","","previous verified match","/assets/blog/jinko-solar-panels-review/featured.jpg","featured","exact","Needs original confirmation"
"How Much Do Commercial Solar Panels Cost in 2025? A Complete Pricing Breakdown","https://esteemenergy.com.au/how-much-do-commercial-solar-panels-cost/","/how-much-do-commercial-solar-panels-cost/","","commercial-solar-systems-10kw-379365895-734o8.webp","/assets/blog/how-much-do-commercial-solar-panels-cost/featured.webp","featured","medium/uncertain","Needs original confirmation"
"Is Solar Worth It","https://esteemenergy.com.au/is-solar-worth-it/","/is-solar-worth-it/","","Cost-Savings-on-Energy-Bills.png","/assets/blog/is-solar-worth-it/featured.png","featured","medium/uncertain","Needs original confirmation"
"How to Maintain Your Residential Solar System","https://esteemenergy.com.au/how-to-maintain-your-residential-solar-system/","/how-to-maintain-your-residential-solar-system/","","","/assets/blog-images/how-to-maintain-your-residential-solar-system/featured.png","featured","medium/uncertain","Replaced/local match"
"Is A Solar Battery Worth It","https://esteemenergy.com.au/is-a-solar-battery-worth-it/","/is-a-solar-battery-worth-it/","","previous verified match","/assets/blog/is-a-solar-battery-worth-it/featured.jpg","featured","exact","Needs original confirmation"
"how to install a 10kw solar system","https://esteemenergy.com.au/how-to-install-a-10kw-solar-system/","/how-to-install-a-10kw-solar-system/","","previous verified match","/assets/blog/how-to-install-a-10kw-solar-system/featured.jpg","featured","exact","Needs original confirmation"
"how to increase solar panel efficiency","https://esteemenergy.com.au/how-to-increase-solar-panel-efficiency/","/how-to-increase-solar-panel-efficiency/","","previous verified match","/assets/blog/how-to-increase-solar-panel-efficiency/featured.jpg","featured","exact","Needs original confirmation"
"15 Things to Consider Before Installing Residential Solar Panels","https://esteemenergy.com.au/installing-residential-solar-panels/","/installing-residential-solar-panels/","","Solar-Panel-installation.png","/assets/blog/installing-residential-solar-panels/featured.png","featured","medium/uncertain","Needs original confirmation"
"How to Clean Solar Panels on Roof: Complete Homeowner Guide","https://esteemenergy.com.au/how-to-clean-solar-panels-on-roof/","/how-to-clean-solar-panels-on-roof/","","cleaning-solar-panels.png","/assets/blog-images/how-to-clean-solar-panels-on-roof/featured.jpg","featured","medium/uncertain","Replaced/local match"
"Importance of Solar Panel Installation","https://esteemenergy.com.au/importance-solar-panel-installation/","/importance-solar-panel-installation/","","previous verified match","/assets/blog/importance-solar-panel-installation/featured.png","featured","exact","Needs original confirmation"
"How To Clean Solar Panels At Home","https://esteemenergy.com.au/how-to-clean-solar-panels-at-home/","/how-to-clean-solar-panels-at-home/","","cleaning-solar-panels.png","/assets/blog-images/how-to-clean-solar-panels-at-home/featured.jpg","featured","medium/uncertain","Replaced/local match"
"All About Hybrid Solar Systems","https://esteemenergy.com.au/hybrid-solar-systems/","/hybrid-solar-systems/","","previous verified match","/assets/blog/hybrid-solar-systems/featured.png","featured","exact","Needs original confirmation"
"How to Choose the Right Solar System Size for Your Home","https://esteemenergy.com.au/how-to-choose-the-right-solar-system-size/","/how-to-choose-the-right-solar-system-size/","","","../../assests/about/modern-home-solar-panels.webp","featured","medium/uncertain","Needs original confirmation"
"Huawei Inverter Review: An In-Depth Look at Features, Performance, and Cost","https://esteemenergy.com.au/huawei-inverter-review/","/huawei-inverter-review/","","Inverters-Convert-The-Energy-To-Electricity.png","/assets/blog/huawei-inverter-review/featured.png","featured","medium/uncertain","Needs original confirmation"
"How to check solar panel output","https://esteemenergy.com.au/how-to-check-solar-panel-output-2/","/how-to-check-solar-panel-output-2/","","Solar-Panel-Temperature-Coefficient.png","/assets/blog-images/how-to-check-solar-panel-output-2/featured.jpg","featured","medium/uncertain","Replaced/local match"
"How to Monitor Your Solar Systemâ€™s Performance with a WiFi App","https://esteemenergy.com.au/how-to-monitor-your-solar-systems-performance-with-a-wifi-app/","/how-to-monitor-your-solar-systems-performance-with-a-wifi-app/","","Solar-Performance-in-Winter-Season.jpg","/assets/blog/how-to-monitor-your-solar-systems-performance-with-a-wifi-app/featured.jpg","featured","medium/uncertain","Needs original confirmation"
"how to check solar panel output","https://esteemenergy.com.au/how-to-check-solar-panel-output/","/how-to-check-solar-panel-output/","","previous verified match","/assets/blog/how-to-check-solar-panel-output/featured.jpg","featured","exact","Needs original confirmation"
