"old_url","final_route","local_file","type","content_status","image_status","seo_status","duplicate_status","redirect_status","validation_status","notes"
"https://esteemenergy.com.au/about-us/","/about-us/","about-us\index.html","page","present","needs audit","present","none","none","needs HTTP crawl","About"
"https://esteemenergy.com.au/","/","index.html","page","present","present","present","none","none","needs HTTP crawl","Home | mapped local route: /"
"https://esteemenergy.com.au/reviews/","/reviews/","reviews\index.html","page","present","present","present","none","none","needs HTTP crawl","Reviews | mapped local route: /reviews/"
"https://esteemenergy.com.au/contact-us/","/contact-us/","contact-us\index.html","page","present","present","present","none","none","needs HTTP crawl","Contact Us | mapped local route: /contact/"
"https://esteemenergy.com.au/products/","/products/","products\index.html","page","present","present","present","none","none","needs HTTP crawl","Products"
"https://esteemenergy.com.au/packages/","/packages/","packages\index.html","page","present/runtime","runtime/unknown","missing description","none","none","needs HTTP crawl","Packages | mapped local route: /pricing/"
"https://esteemenergy.com.au/growatt-inverter/","/growatt-inverter/","growatt-inverter\index.html","page","present","runtime/unknown","present","none","none","needs HTTP crawl","Growatt inverter"
"https://esteemenergy.com.au/ht-panels-415w/","/ht-panels-415w/","ht-panels-415w\index.html","page","present","runtime/unknown","present","none","none","needs HTTP crawl","HT Panels 415w"
"https://esteemenergy.com.au/solis-inverter/","/solis-inverter/","solis-inverter\index.html","page","present","runtime/unknown","present","none","none","needs HTTP crawl","Solis Inverter"
"https://esteemenergy.com.au/fronius-inverter/","/fronius-inverter/","fronius-inverter\index.html","page","present","runtime/unknown","present","none","none","needs HTTP crawl","Fronius inverter"
"https://esteemenergy.com.au/trina-415w/","/trina-415w/","trina-415w\index.html","page","present","runtime/unknown","present","none","none","needs HTTP crawl","Trina 415w"
"https://esteemenergy.com.au/jinko-440w/","/jinko-440w/","jinko-440w\index.html","page","present","runtime/unknown","present","none","none","needs HTTP crawl","Jinko 440w"
"https://esteemenergy.com.au/privacy-policy/","/privacy-policy/","privacy-policy\index.html","page","present","runtime/unknown","present","none","none","needs HTTP crawl","Privacy Policy"
"https://esteemenergy.com.au/blogs/","/blogs/","blogs\index.html","page","present","present","present","none","none","needs HTTP crawl","Blogs | mapped local route: /blogs/"
"https://esteemenergy.com.au/solar-panel-installation/","/solar-panel-installation/","installation/index.html","page","present/runtime","runtime/unknown","present","none","none","needs HTTP crawl","Solar Panel Installation | mapped local route: /installation/"
"https://esteemenergy.com.au/residential-solar-panel/","/residential-solar-panel/","residential-solar-panel\index.html","page","present","runtime/unknown","present","none","none","needs HTTP crawl","Residential Solar Panel"
"https://esteemenergy.com.au/residential-solar-panel-system/","/residential-solar-panel-system/","residential-solar/index.html","page","present/runtime","runtime/unknown","present","none","none","needs HTTP crawl","Residential Solar Panel System | mapped local route: /residential-solar/"
"https://esteemenergy.com.au/13-3-kw-solar-system/","/13-3-kw-solar-system/","13-2-kw-solar-system/index.html","page","present/runtime","runtime/unknown","present","none","none","needs HTTP crawl","13.3 kw Solar System | mapped local route: /13-2-kw-solar-system/"
"https://esteemenergy.com.au/10-5-kw-solar-system/","/10-5-kw-solar-system/","10-5-kw-solar-system\index.html","page","present/runtime","runtime/unknown","present","none","none","needs HTTP crawl","10.5 KW Solar System"
"https://esteemenergy.com.au/6-6-kw-solar-system/","/6-6-kw-solar-system/","6-6-kw-solar-system\index.html","page","present","present","present","none","none","needs HTTP crawl","6.6 KW Solar System | mapped local route: /6-6-kw-solar-system/"
"https://esteemenergy.com.au/19-5-kw-solar-system/","/19-5-kw-solar-system/","19-5-kw-solar-system\index.html","page","present/runtime","runtime/unknown","present","none","none","needs HTTP crawl","19.5 kW Solar System"
"https://esteemenergy.com.au/solar-panel-battery/","/solar-panel-battery/","solar-panel-battery\index.html","page","present","runtime/unknown","present","none","none","needs HTTP crawl","Solar Panel Battery"
"https://esteemenergy.com.au/support-lounge/","/support-lounge/","support-lounge\index.html","page","present","runtime/unknown","present","none","none","needs HTTP crawl","Support Lounge"
"https://esteemenergy.com.au/our-gallery/","/our-gallery/","our-gallery\index.html","page","present","present","present","none","none","needs HTTP crawl","Our Gallery | mapped local route: /our-gallery/"
"https://esteemenergy.com.au/eging-440-w/","/eging-440-w/","eging-440-w\index.html","page","present","runtime/unknown","present","none","none","needs HTTP crawl","EGING 440 w"
"https://esteemenergy.com.au/tongwei-440-w/","/tongwei-440-w/","tongwei-440-w\index.html","page","present","runtime/unknown","present","none","none","needs HTTP crawl","Tongwei 440 W"
"https://esteemenergy.com.au/risen-440w/","/risen-440w/","risen-440w\index.html","page","present","runtime/unknown","present","none","none","needs HTTP crawl","Risen 440w"
"https://esteemenergy.com.au/solar-panel-installation-sydney/","/solar-panel-installation-sydney/","solar-panel-installation-sydney\index.html","page","present","runtime/unknown","present","none","none","needs HTTP crawl","Solar Panel Installation Sydney â€“ Elevate Your Energy with Esteem Energy"
"https://esteemenergy.com.au/10-kw-solar-system/","/10-kw-solar-system/","10-kw-solar-system\index.html","page","present","runtime/unknown","present","none","none","needs HTTP crawl","10kW Solar System Installation for High Power Needs"
"https://esteemenergy.com.au/5-kw-solar-system/","/5-kw-solar-system/","5-kw-solar-system\index.html","page","present","present","present","none","none","needs HTTP crawl","5kw solar system"
"https://esteemenergy.com.au/6-kw-solar-system/","/6-kw-solar-system/","6-kw-solar-system\index.html","page","present","runtime/unknown","present","none","none","needs HTTP crawl","6kw solar system"
"https://esteemenergy.com.au/solar-panels-for-home/","/solar-panels-for-home/","solar-panels-for-home\index.html","page","present","runtime/unknown","present","none","none","needs HTTP crawl","Solar panels for home"
"https://esteemenergy.com.au/8-kw-solar-system/","/8-kw-solar-system/","8-kw-solar-system\index.html","page","present","runtime/unknown","present","none","none","needs HTTP crawl","8kw solar system"
"https://esteemenergy.com.au/3-kw-solar-system/","/3-kw-solar-system/","3-kw-solar-system\index.html","page","present","runtime/unknown","present","none","none","needs HTTP crawl","3kw solar system"
"https://esteemenergy.com.au/2-kw-solar-system/","/2-kw-solar-system/","2-kw-solar-system\index.html","page","present","runtime/unknown","present","none","none","needs HTTP crawl","2kw solar system"
"https://esteemenergy.com.au/home-2/","/home-2/","home-2\index.html","page","present","needs audit","present","none","none","needs HTTP crawl","Home"
"https://esteemenergy.com.au/11011-2/","/11011-2/","11011-2\index.html","page","present","runtime/unknown","present","none","none","needs HTTP crawl","Christmas Offer"
"https://esteemenergy.com.au/author/","/author/","author\index.html","page","present","runtime/unknown","present","none","none","needs HTTP crawl","Author"
"https://esteemenergy.com.au/blogs/do-solar-panels-work-on-cloudy-days/","/blogs/do-solar-panels-work-on-cloudy-days/","blogs\do-solar-panels-work-on-cloudy-days\index.html","page","present","runtime/unknown","present","none","none","needs HTTP crawl","Do Solar Panels Work on Cloudy Days? Understanding Solar Power Efficiency in Overcast Weather"
"https://esteemenergy.com.au/blogs/seraphim-solar-panels-review/","/blogs/seraphim-solar-panels-review/","blogs\seraphim-solar-panels-review\index.html","page","present","present","present","none","none","needs HTTP crawl","Seraphim Solar Panels Review: Performance, Cost, Warranty, and What You Need to Know"
"https://esteemenergy.com.au/my-esteem/","/my-esteem/","my-esteem\index.html","page","present","runtime/unknown","present","none","none","needs HTTP crawl","My Esteem"
"https://esteemenergy.com.au/blogs/solar-panels-perth/","/blogs/solar-panels-perth/","blogs\solar-panels-perth\index.html","page","present","runtime/unknown","present","none","none","needs HTTP crawl","Power Your Future with Solar Panels Perth â€“ Trusted Solutions by Esteem Energy"
"https://esteemenergy.com.au/solar-panels-sydney/","/solar-panels-sydney/","solar-panels-sydney\index.html","page","present","runtime/unknown","present","none","none","needs HTTP crawl","Harness the Power of the Sun with Solar Panels Sydney â€“ Esteem Energy"
"https://esteemenergy.com.au/solar-panels-perth/","/solar-panels-perth/","solar-panels-perth\index.html","page","present","runtime/unknown","present","none","none","needs HTTP crawl","Power Your Future with Solar Panels Perth â€“ Trusted Solutions by Esteem Energy"
"https://esteemenergy.com.au/solar-panels-melbourne/","/solar-panels-melbourne/","solar-panels-melbourne\index.html","page","present","runtime/unknown","present","none","none","needs HTTP crawl","Harness the Power of the Sun with Esteem Energyâ€™s Solar Panels in Melbourne"
"https://esteemenergy.com.au/solar-panels-brisbane/","/solar-panels-brisbane/","solar-panels-brisbane\index.html","page","present","runtime/unknown","present","none","none","needs HTTP crawl","Solar Panels Brisbane | Esteem Energy"
"https://esteemenergy.com.au/solar-panels-gold-coast/","/solar-panels-gold-coast/","solar-panels-gold-coast\index.html","page","present","runtime/unknown","present","none","none","needs HTTP crawl","Power Your Future with Solar Panels Gold Coast | Esteem Energy"
"https://esteemenergy.com.au/solar-panels-wa/","/solar-panels-wa/","solar-panels-wa\index.html","page","present","runtime/unknown","present","none","none","needs HTTP crawl","Power Your Future with the Best Solar Panels WA | Esteem Energy"
"https://esteemenergy.com.au/6-6kw-solar-system-perth/","/6-6kw-solar-system-perth/","6-6kw-solar-system-perth\index.html","page","present","runtime/unknown","present","none","none","needs HTTP crawl","6.6kW Solar System in Perth | Esteem Energy"
"https://esteemenergy.com.au/solar-panels-installation-sydney/","/solar-panels-installation-sydney/","solar-panels-installation-sydney\index.html","page","present","runtime/unknown","present","none","none","needs HTTP crawl","Solar Panel Installation in Sydney â€“ Esteem Energy"
"https://esteemenergy.com.au/solar-panels-installation-in-australia/","/solar-panels-installation-in-australia/","solar-panels-installation-in-australia\index.html","page","present","runtime/unknown","present","none","none","needs HTTP crawl","Solar Panels Installation in Australia â€“ Trusted Solar Solutions with Esteem Energy"
"https://esteemenergy.com.au/solar-panels-installation-in-perth/","/solar-panels-installation-in-perth/","solar-panels-installation-in-perth\index.html","page","present","runtime/unknown","present","none","none","needs HTTP crawl","Solar Panel Installation in Perth â€“ Power Your Future with Esteem Energy"
"https://esteemenergy.com.au/about-us-3/","/about-us-3/","about/index.html","page","present","present","present","none","none","needs HTTP crawl","About us | mapped local route: /about/"
"https://esteemenergy.com.au/solar-panels-townsville-high-efficiency-cost-saving/","/solar-panels-townsville-high-efficiency-cost-saving/","solar-panels-townsville-high-efficiency-cost-saving\index.html","page","present","runtime/unknown","present","none","none","needs HTTP crawl","Solar Panels Townsville | High-Efficiency & Cost-Saving"
"https://esteemenergy.com.au/solar-panels-townsville/","/solar-panels-townsville/","solar-panels-townsville\index.html","page","present","runtime/unknown","present","none","none","needs HTTP crawl","Solar Panels Townsville â€“ High-Quality Solar Solutions by Esteem Energy"
"https://esteemenergy.com.au/solar-battery-brisbane/","/solar-battery-brisbane/","solar-battery-brisbane\index.html","page","present","runtime/unknown","present","none","none","needs HTTP crawl","Solar Battery Brisbane â€“ Reliable Energy Storage for Your Home and Business"
"https://esteemenergy.com.au/6-6kw-solar-system-brisbane/","/6-6kw-solar-system-brisbane/","6-6kw-solar-system-brisbane\index.html","page","present","runtime/unknown","present","none","none","needs HTTP crawl","6.6kW Solar System Brisbane â€“ The Smart Choice for Your Home"
"https://esteemenergy.com.au/5kw-solar-system-brisbane/","/5kw-solar-system-brisbane/","5kw-solar-system-brisbane\index.html","page","present","runtime/unknown","present","none","none","needs HTTP crawl","5kW Solar System Brisbane â€“ The Smart Choice for Sustainable Energy"
"https://esteemenergy.com.au/20kw-solar-system/","/20kw-solar-system/","20kw-solar-system\index.html","page","present","runtime/unknown","present","none","none","needs HTTP crawl","20kW Solar System for Businesses and Industries | Esteem Energy"
"https://esteemenergy.com.au/5kw-solar-system-installation/","/5kw-solar-system-installation/","5kw-solar-system-installation\index.html","page","present","runtime/unknown","present","none","none","needs HTTP crawl","5kW Solar System Installation â€“ Affordable and Efficient Energy Solution | Esteem Energy"
"https://esteemenergy.com.au/6-6kw-solar-system-gold-coast/","/6-6kw-solar-system-gold-coast/","6-6kw-solar-system-gold-coast\index.html","page","present","runtime/unknown","present","none","none","needs HTTP crawl","6.6kW Solar System Gold Coast â€“ Reliable, Affordable, and Efficient Solar Solutions"
"https://esteemenergy.com.au/13-2kw-solar-system/","/13-2kw-solar-system/","13-2kw-solar-system\index.html","page","present","runtime/unknown","present","none","none","needs HTTP crawl","13.2 kW Solar System for Homes & Businesses | Maximise Energy Offset with Esteem Energy"
"https://esteemenergy.com.au/no-need/","/no-need/","no-need\index.html","page","present","runtime/unknown","present","none","none","needs HTTP crawl","Power Your Home with a Reliable 5kW Solar System in Perth | Esteem Energy"
"https://esteemenergy.com.au/residential-solar-panels-perth/","/residential-solar-panels-perth/","residential-solar-panels-perth\index.html","page","present","runtime/unknown","present","none","none","needs HTTP crawl","Residential Solar Panels Perth â€“ Smart Solar Solutions by Esteem Energy"
"https://esteemenergy.com.au/6-6kw-solar-system-melbourne/","/6-6kw-solar-system-melbourne/","6-6kw-solar-system-melbourne\index.html","page","present","runtime/unknown","present","none","none","needs HTTP crawl","6.6kw solar system Melbourne"
"https://esteemenergy.com.au/10kw-solar-system-sunshine-coast/","/10kw-solar-system-sunshine-coast/","10kw-solar-system-sunshine-coast\index.html","page","present","runtime/unknown","present","none","none","needs HTTP crawl","10kw solar system Sunshine Coast"
"https://esteemenergy.com.au/6kw-solar-system-brisbane/","/6kw-solar-system-brisbane/","6kw-solar-system-brisbane\index.html","page","present","runtime/unknown","present","none","none","needs HTTP crawl","6kw solar system Brisbane"
"https://esteemenergy.com.au/6-6kw-solar-system-sydney/","/6-6kw-solar-system-sydney/","6-6kw-solar-system-sydney\index.html","page","present","runtime/unknown","present","none","none","needs HTTP crawl","6.6kw solar system Sydney"
"https://esteemenergy.com.au/5kw-solar-system-melbourne/","/5kw-solar-system-melbourne/","5kw-solar-system-melbourne\index.html","page","present","runtime/unknown","present","none","none","needs HTTP crawl","5kw solar system Melbourne"
"https://esteemenergy.com.au/solar-panel-cleaning-perth/","/solar-panel-cleaning-perth/","solar-panel-cleaning-perth\index.html","page","present","runtime/unknown","present","none","none","needs HTTP crawl","Solar panel cleaning Perth"
"https://esteemenergy.com.au/10kw-solar-system-perth/","/10kw-solar-system-perth/","10kw-solar-system-perth\index.html","page","present","runtime/unknown","present","none","none","needs HTTP crawl","10kW solar system Perth"
"https://esteemenergy.com.au/solar-panel-maintenance-perth/","/solar-panel-maintenance-perth/","solar-panel-maintenance-perth\index.html","page","present","runtime/unknown","present","none","none","needs HTTP crawl","Solar panel maintenance Perth"
"https://esteemenergy.com.au/10kw-solar-system-adelaide/","/10kw-solar-system-adelaide/","10kw-solar-system-adelaide\index.html","page","present","runtime/unknown","present","none","none","needs HTTP crawl","10kW solar system Adelaide"
"https://esteemenergy.com.au/5kw-solar-system-adelaide/","/5kw-solar-system-adelaide/","5kw-solar-system-adelaide\index.html","page","present","runtime/unknown","present","none","none","needs HTTP crawl","5kW solar system Adelaide"
"https://esteemenergy.com.au/5kw-solar-system-perth/","/5kw-solar-system-perth/","5kw-solar-system-perth\index.html","page","present","runtime/unknown","present","none","none","needs HTTP crawl","5kW solar system Perth"
"https://esteemenergy.com.au/commercial-solar-panels-perth/","/commercial-solar-panels-perth/","commercial-solar-panels-perth\index.html","page","present","runtime/unknown","present","none","none","needs HTTP crawl","Commercial solar panels Perth"
"https://esteemenergy.com.au/demo/","/demo/","demo\index.html","page","present","runtime/unknown","present","none","none","needs HTTP crawl","demo"
"https://esteemenergy.com.au/solar-panels-adelaide/","/solar-panels-adelaide/","solar-panels-adelaide\index.html","page","present","runtime/unknown","present","none","none","needs HTTP crawl","Solar Panels Adelaide"
"https://esteemenergy.com.au/6-6kw-solar-system-adelaide/","/6-6kw-solar-system-adelaide/","6-6kw-solar-system-adelaide\index.html","page","present","runtime/unknown","present","none","none","needs HTTP crawl","6.6kw Solar System Adelaide"
"https://esteemenergy.com.au/solar-panels-nsw/","/solar-panels-nsw/","solar-panels-nsw\index.html","page","present","runtime/unknown","present","none","none","needs HTTP crawl","solar panels nsw"
"https://esteemenergy.com.au/solar-installation-nsw/","/solar-installation-nsw/","solar-installation-nsw\index.html","page","present","runtime/unknown","present","none","none","needs HTTP crawl","solar installation nsw"
"https://esteemenergy.com.au/buy-solar-panels-online/","/buy-solar-panels-online/","buy-solar-panels-online\index.html","page","present","runtime/unknown","present","none","none","needs HTTP crawl","Buy Solar Panels Online | Esteem Energy"
"https://esteemenergy.com.au/solar-panel-price-sydney/","/solar-panel-price-sydney/","solar-panel-price-sydney\index.html","page","present","runtime/unknown","present","none","none","needs HTTP crawl","Solar Panel Price Sydney â€“ Affordable, Reliable & Sustainable Solutions with Esteem Energy"
"https://esteemenergy.com.au/solar-system-sydney/","/solar-system-sydney/","solar-system-sydney\index.html","page","present","runtime/unknown","present","none","none","needs HTTP crawl","Solar System Sydney"
"https://esteemenergy.com.au/solar-system-adelaide/","/solar-system-adelaide/","solar-system-adelaide\index.html","page","present","runtime/unknown","present","none","none","needs HTTP crawl","Solar System Adelaide"
"https://esteemenergy.com.au/rebate-on-solar-panels/","/rebate-on-solar-panels/","rebate-on-solar-panels\index.html","page","present","runtime/unknown","present","none","none","needs HTTP crawl","Rebate on Solar Panels"
"https://esteemenergy.com.au/solar-panels-cost-adelaide/","/solar-panels-cost-adelaide/","solar-panels-cost-adelaide\index.html","page","present","runtime/unknown","present","none","none","needs HTTP crawl","Solar Panels Cost Adelaide"
"https://esteemenergy.com.au/solar-panel-rebate/","/solar-panel-rebate/","solar-panel-rebate\index.html","page","present","runtime/unknown","present","none","none","needs HTTP crawl","Solar Panel Rebate"
"https://esteemenergy.com.au/solar-installation-rebates/","/solar-installation-rebates/","solar-installation-rebates\index.html","page","present","runtime/unknown","present","none","none","needs HTTP crawl","Solar Installation Rebates"
"https://esteemenergy.com.au/solar-system-with-battery/","/solar-system-with-battery/","solar-system-with-battery\index.html","page","present","runtime/unknown","present","none","none","needs HTTP crawl","Solar System with Battery"
"https://esteemenergy.com.au/6-6kw-solar-system-with-battery-price/","/6-6kw-solar-system-with-battery-price/","6-6kw-solar-system-with-battery-price\index.html","page","present","runtime/unknown","present","none","none","needs HTTP crawl","6.6kw Solar System with Battery Price"
"https://esteemenergy.com.au/blogs-page/","/blogs-page/","blogs-page\index.html","page","present","runtime/unknown","present","none","none","needs HTTP crawl","Blogs Page"
"https://esteemenergy.com.au/solar-battery-rebate-wa/","/solar-battery-rebate-wa/","solar-battery-rebate-wa\index.html","page","present","runtime/unknown","present","none","none","needs HTTP crawl","Solar Battery Rebate WA"
"https://esteemenergy.com.au/solar-system-with-battery-price/","/solar-system-with-battery-price/","solar-system-with-battery-price\index.html","page","present","runtime/unknown","present","none","none","needs HTTP crawl","Solar System with Battery Price"
"https://esteemenergy.com.au/15kw-solar-system-price/","/15kw-solar-system-price/","15kw-solar-system-price\index.html","page","present","runtime/unknown","present","none","none","needs HTTP crawl","15kw Solar System Price"
"https://esteemenergy.com.au/10kw-solar-system-cost/","/10kw-solar-system-cost/","10kw-solar-system-cost\index.html","page","present","present","present","none","none","needs HTTP crawl","10kw Solar System Cost"
"https://esteemenergy.com.au/13kw-solar-system-price/","/13kw-solar-system-price/","13kw-solar-system-price\index.html","page","present","runtime/unknown","present","none","none","needs HTTP crawl","13kw Solar System Price"
"https://esteemenergy.com.au/esteem-year-end-offer/","/esteem-year-end-offer/","esteem-year-end-offer\index.html","page","present","runtime/unknown","present","none","none","needs HTTP crawl","Esteem Year End Offer"
"https://esteemenergy.com.au/fox-ess-battery-landing/","/fox-ess-battery-landing/","fox-ess-battery-landing\index.html","page","present","runtime/unknown","present","none","none","needs HTTP crawl","Fox ess Battery landing"
"https://esteemenergy.com.au/what-is-a-6-6-kw-solar-system/","/what-is-a-6-6-kw-solar-system/","what-is-a-6-6-kw-solar-system\index.html","post","present","present","present","duplicate local routes","none","needs HTTP crawl","What is A 6.6 kW Solar System?"
"https://esteemenergy.com.au/best-solar-companies-in-australia/","/best-solar-companies-in-australia/","best-solar-companies-in-australia\index.html","post","present","present","present","duplicate local routes","none","needs HTTP crawl","Top 10 Solar Companies in Australia for 2025"
"https://esteemenergy.com.au/best-solar-companies-nsw-australia/","/best-solar-companies-nsw-australia/","best-solar-companies-nsw-australia\index.html","post","present","present","present","duplicate local routes","none","needs HTTP crawl","Best Solar Companies NSW, Australia"
"https://esteemenergy.com.au/best-solar-company-wa/","/best-solar-company-wa/","best-solar-company-wa\index.html","post","present","present","present","duplicate local routes","none","needs HTTP crawl","Best Solar Company in WA"
"https://esteemenergy.com.au/best-solar-panels-australia/","/best-solar-panels-australia/","best-solar-panels-australia\index.html","post","present","present","present","duplicate local routes","none","needs HTTP crawl","Best Solar Panels Australia"
"https://esteemenergy.com.au/best-solar-system-for-residential-projects-nsw/","/best-solar-system-for-residential-projects-nsw/","best-solar-system-for-residential-projects-nsw\index.html","post","present","present","present","duplicate local routes","none","needs HTTP crawl","Best Solar System For Residential Projects in NSW"
"https://esteemenergy.com.au/most-efficient-solar-systems-install-in-home/","/most-efficient-solar-systems-install-in-home/","most-efficient-solar-systems-install-in-home\index.html","post","present","present","present","duplicate local routes","none","needs HTTP crawl","Most Efficient Solar Systems to Install in The Home"
"https://esteemenergy.com.au/solar-installation-process/","/solar-installation-process/","solar-installation-process\index.html","post","present","present","present","duplicate local routes","none","needs HTTP crawl","Solar Installation Process - NSW"
"https://esteemenergy.com.au/solar-panel-cleaning/","/solar-panel-cleaning/","solar-panel-cleaning\index.html","post","present","present","present","duplicate local routes","none","needs HTTP crawl","Solar Panel Cleaning - Forward Step For a Better Future!"
"https://esteemenergy.com.au/solar-panels-for-your-home/","/solar-panels-for-your-home/","solar-panels-for-your-home\index.html","post","present","present","present","duplicate local routes","none","needs HTTP crawl","Which Solar Panels Are Right for Your Home?"
"https://esteemenergy.com.au/switching-to-solar-panels-in-australia/","/switching-to-solar-panels-in-australia/","switching-to-solar-panels-in-australia\index.html","post","present","present","present","duplicate local routes","none","needs HTTP crawl","Switching to Solar Panels in Australia will help to lower your bills"
"https://esteemenergy.com.au/reasons-for-getting-solar-panels/","/reasons-for-getting-solar-panels/","reasons-for-getting-solar-panels\index.html","post","present","present","present","duplicate local routes","none","needs HTTP crawl","Reasons for getting Solar Panels"
"https://esteemenergy.com.au/guide-for-choosing-the-right-solar-panel-system/","/guide-for-choosing-the-right-solar-panel-system/","guide-for-choosing-the-right-solar-panel-system\index.html","post","present","present","present","duplicate local routes","none","needs HTTP crawl","Expanded guide for choosing the right Solar panel system with Esteem Energy"
"https://esteemenergy.com.au/process-to-get-best-excellent-solar-quotes/","/process-to-get-best-excellent-solar-quotes/","process-to-get-best-excellent-solar-quotes\index.html","post","present","present","present","duplicate local routes","none","needs HTTP crawl","Process to get the best excellent solar quotes"
"https://esteemenergy.com.au/importance-solar-panel-installation/","/importance-solar-panel-installation/","importance-solar-panel-installation\index.html","post","present","present","present","duplicate local routes","none","needs HTTP crawl","Importance of Solar Panel Installation"
"https://esteemenergy.com.au/solar-panel-system/","/solar-panel-system/","solar-panel-system\index.html","post","present","present","present","duplicate local routes","none","needs HTTP crawl","Solar Panel System"
"https://esteemenergy.com.au/why-choose-fronius-inverter/","/why-choose-fronius-inverter/","why-choose-fronius-inverter\index.html","post","present","present","present","duplicate local routes","none","needs HTTP crawl","Why Should We Choose a Fronius Inverter?"
"https://esteemenergy.com.au/steps-solar-installation/","/steps-solar-installation/","steps-solar-installation\index.html","post","present","present","present","duplicate local routes","none","needs HTTP crawl","Steps of Solar Installation"
"https://esteemenergy.com.au/power-produced-by-solar-panels/","/power-produced-by-solar-panels/","power-produced-by-solar-panels\index.html","post","present","present","present","duplicate local routes","none","needs HTTP crawl","Power Produced by Solar Panels"
"https://esteemenergy.com.au/right-path-choose-solar-sydney/","/right-path-choose-solar-sydney/","right-path-choose-solar-sydney\index.html","post","present","present","present","duplicate local routes","none","needs HTTP crawl","A Right Path To Choose The Solar in Sydney"
"https://esteemenergy.com.au/purchasing-power-through-co-operatives/","/purchasing-power-through-co-operatives/","purchasing-power-through-co-operatives\index.html","post","present","present","present","duplicate local routes","none","needs HTTP crawl","Purchasing Power Through Co-Operatives"
"https://esteemenergy.com.au/financing-rooftop-solar-energy-system/","/financing-rooftop-solar-energy-system/","financing-rooftop-solar-energy-system\index.html","post","present","present","present","duplicate local routes","none","needs HTTP crawl","Financing Rooftop Solar Energy System"
"https://esteemenergy.com.au/10-kw-solar-panel-system/","/10-kw-solar-panel-system/","10-kw-solar-panel-system\index.html","post","present","present","present","duplicate local routes","none","needs HTTP crawl","All About 10 Kw Solar Panel System: Cost, Roi and Output"
"https://esteemenergy.com.au/refinancing-house-with-solar-panels/","/refinancing-house-with-solar-panels/","refinancing-house-with-solar-panels\index.html","post","present","present","present","duplicate local routes","none","needs HTTP crawl","Refinancing House With Solar Panels"
"https://esteemenergy.com.au/solar-panel-temperature-coefficient/","/solar-panel-temperature-coefficient/","solar-panel-temperature-coefficient\index.html","post","present","present","present","duplicate local routes","none","needs HTTP crawl","Solar Panel Temperature Coefficient"
"https://esteemenergy.com.au/will-trees-affect-solar-panels/","/will-trees-affect-solar-panels/","will-trees-affect-solar-panels\index.html","post","present","present","present","duplicate local routes","none","needs HTTP crawl","Will Trees Affect Solar Panels?"
"https://esteemenergy.com.au/5-kw-solar-system/","/5-kw-solar-system/","5-kw-solar-system\index.html","post","present","present","present","duplicate local routes","none","needs HTTP crawl","All About 5 kw Solar System Output, Cost and Roi"
"https://esteemenergy.com.au/questions-asked-to-solar-installers/","/questions-asked-to-solar-installers/","questions-asked-to-solar-installers\index.html","post","present","present","present","duplicate local routes","none","needs HTTP crawl","Questions To Be Asked To Solar Installers"
"https://esteemenergy.com.au/8-kw-solar-panel-system/","/8-kw-solar-panel-system/","8-kw-solar-panel-system\index.html","post","present","present","present","duplicate local routes","none","needs HTTP crawl","8kW Solar System Price: Cost, Benefits, and Savings Potential"
"https://esteemenergy.com.au/solar-panel-in-sydney/","/solar-panel-in-sydney/","solar-panel-in-sydney\index.html","post","present","present","present","duplicate local routes","none","needs HTTP crawl","Solar Panel In Sydney"
"https://esteemenergy.com.au/solar-panel-maintenance-guide/","/solar-panel-maintenance-guide/","solar-panel-maintenance-guide\index.html","post","present","present","present","duplicate local routes","none","needs HTTP crawl","Solar Panel Maintenance Guide"
"https://esteemenergy.com.au/guide-maintain-solar-system/","/guide-maintain-solar-system/","guide-maintain-solar-system\index.html","post","present","present","present","duplicate local routes","none","needs HTTP crawl","Guide To Maintain Solar System"
"https://esteemenergy.com.au/charging-an-ev-with-solar-panels/","/charging-an-ev-with-solar-panels/","charging-an-ev-with-solar-panels\index.html","post","present","present","present","duplicate local routes","none","needs HTTP crawl","Charging an EV with Solar Panels"
"https://esteemenergy.com.au/guide-cleaning-solar-panels/","/guide-cleaning-solar-panels/","guide-cleaning-solar-panels\index.html","post","present","present","present","duplicate local routes","none","needs HTTP crawl","A Beginner's Guide For Cleaning Solar Panels"
"https://esteemenergy.com.au/solar-panels-faqs/","/solar-panels-faqs/","solar-panels-faqs\index.html","post","present","present","present","duplicate local routes","none","needs HTTP crawl","Solar Panels FAQs: Sydney"
"https://esteemenergy.com.au/which-direction-best-solar-panels/","/which-direction-best-solar-panels/","which-direction-best-solar-panels\index.html","post","present","present","present","duplicate local routes","none","needs HTTP crawl","Which Direction is Best For Solar Panels?"
"https://esteemenergy.com.au/solar-batteries/","/solar-batteries/","solar-batteries\index.html","post","present","present","present","duplicate local routes","none","needs HTTP crawl","Solar Batteries: Is They Worth To Install?"
"https://esteemenergy.com.au/hybrid-solar-systems/","/hybrid-solar-systems/","hybrid-solar-systems\index.html","post","present","present","present","duplicate local routes","none","needs HTTP crawl","All About Hybrid Solar Systems"
"https://esteemenergy.com.au/solar-panels-install-spring/","/solar-panels-install-spring/","solar-panels-install-spring\index.html","post","present","present","present","duplicate local routes","none","needs HTTP crawl","Why Solar Panels Are Best To Install In Spring?"
"https://esteemenergy.com.au/solar-systems-advancement/","/solar-systems-advancement/","solar-systems-advancement\index.html","post","present","present","present","duplicate local routes","none","needs HTTP crawl","Latest Solar Panel Technology"
"https://esteemenergy.com.au/solar-performance-winter-season/","/solar-performance-winter-season/","solar-performance-winter-season\index.html","post","present","present","present","duplicate local routes","none","needs HTTP crawl","Solar Performance in Winter Season!"
"https://esteemenergy.com.au/common-myths-avoid-reason-behind-solar-systems/","/common-myths-avoid-reason-behind-solar-systems/","common-myths-avoid-reason-behind-solar-systems\index.html","post","present","present","present","duplicate local routes","none","needs HTTP crawl","Common Myths To Avoid and The Reason Behind Solar Systems"
"https://esteemenergy.com.au/latest-advancement-potential-impacts-solar-technology/","/latest-advancement-potential-impacts-solar-technology/","latest-advancement-potential-impacts-solar-technology\index.html","post","present","present","present","duplicate local routes","none","needs HTTP crawl","Latest Advancement and Potential Impacts on Solar Technology"
"https://esteemenergy.com.au/tracking-solar-system-home-energy-management-system/","/tracking-solar-system-home-energy-management-system/","tracking-solar-system-home-energy-management-system\index.html","post","present","present","present","duplicate local routes","none","needs HTTP crawl","Monitor Your Solar System"
"https://esteemenergy.com.au/ways-to-save-energy-consumption/","/ways-to-save-energy-consumption/","ways-to-save-energy-consumption\index.html","post","present","present","present","duplicate local routes","none","needs HTTP crawl","How to Save Energy and Reduce Your Electricity Bill: Effective Tips and Solutions"
"https://esteemenergy.com.au/solar-energy-australia/","/solar-energy-australia/","solar-energy-australia\index.html","post","present","present","present","duplicate local routes","none","needs HTTP crawl","Solar Energy in Australia"
"https://esteemenergy.com.au/guide-solar-panel-rebates-australia/","/guide-solar-panel-rebates-australia/","guide-solar-panel-rebates-australia\index.html","post","present","present","present","duplicate local routes","none","needs HTTP crawl","A Comprehensive Guide to Solar Panel Rebates in Australia for 2024"
"https://esteemenergy.com.au/all-about-electric-vehicles/","/all-about-electric-vehicles/","all-about-electric-vehicles\index.html","post","present","present","present","duplicate local routes","none","needs HTTP crawl","All About Electric Vehicles"
"https://esteemenergy.com.au/all-about-solis-inverter-and-review/","/all-about-solis-inverter-and-review/","all-about-solis-inverter-and-review\index.html","post","present","present","present","duplicate local routes","none","needs HTTP crawl","Solis Inverters Review: A Comprehensive Guide to Efficiency, Durability, and Performance"
"https://esteemenergy.com.au/ev-charging-boosted-with-solar-power/","/ev-charging-boosted-with-solar-power/","ev-charging-boosted-with-solar-power\index.html","post","present","present","present","duplicate local routes","none","needs HTTP crawl","Ev Charging Boosted With Solar Power"
"https://esteemenergy.com.au/evolving-landscape-solar-energy-australia/","/evolving-landscape-solar-energy-australia/","evolving-landscape-solar-energy-australia\index.html","post","present","present","present","duplicate local routes","none","needs HTTP crawl","The Evolving Landscape of Solar Energy in Australia"
"https://esteemenergy.com.au/how-6-6-kw-solar-systems-financed/","/how-6-6-kw-solar-systems-financed/","how-6-6-kw-solar-systems-financed\index.html","post","present","present","present","duplicate local routes","none","needs HTTP crawl","How Can 6.6 KW Solar Systems Be Financed?"
"https://esteemenergy.com.au/installing-residential-solar-panels/","/installing-residential-solar-panels/","installing-residential-solar-panels\index.html","post","present","present","present","duplicate local routes","none","needs HTTP crawl","15 Things to Consider Before Installing Residential Solar Panels"
"https://esteemenergy.com.au/10kw-solar-system-price/","/10kw-solar-system-price/","10kw-solar-system-price\index.html","post","present","present","present","duplicate local routes","none","needs HTTP crawl","10kW Solar System Price"
"https://esteemenergy.com.au/advantages-of-solar-energy/","/advantages-of-solar-energy/","advantages-of-solar-energy\index.html","post","present","present","present","duplicate local routes","none","needs HTTP crawl","Advantages Of Solar Energy"
"https://esteemenergy.com.au/is-solar-worth-it/","/is-solar-worth-it/","is-solar-worth-it\index.html","post","present","present","present","duplicate local routes","none","needs HTTP crawl","Is Solar Worth It"
"https://esteemenergy.com.au/benefits-of-solar-panels/","/benefits-of-solar-panels/","benefits-of-solar-panels\index.html","post","present","present","present","duplicate local routes","none","needs HTTP crawl","Benefits Of Solar Panels"
"https://esteemenergy.com.au/top-10-solar-companies-in-australia/","/top-10-solar-companies-in-australia/","top-10-solar-companies-in-australia\index.html","post","present","present","present","duplicate local routes","none","needs HTTP crawl","Top 10 solar Companies In Australia"
"https://esteemenergy.com.au/top-10-solar-panels-in-australia/","/top-10-solar-panels-in-australia/","top-10-solar-panels-in-australia\index.html","post","present","present","present","duplicate local routes","none","needs HTTP crawl","Top 10 Solar Panels In Australia"
"https://esteemenergy.com.au/how-do-solar-panels-work/","/how-do-solar-panels-work/","how-do-solar-panels-work\index.html","post","present","present","present","duplicate local routes","none","needs HTTP crawl","How Do Solar Panels Work"
"https://esteemenergy.com.au/how-long-do-solar-panels-last/","/how-long-do-solar-panels-last/","how-long-do-solar-panels-last\index.html","post","present","present","present","duplicate local routes","none","needs HTTP crawl","How Long Do Solar Panels Last"
"https://esteemenergy.com.au/how-are-solar-panels-made/","/how-are-solar-panels-made/","how-are-solar-panels-made\index.html","post","present","present","present","duplicate local routes","none","needs HTTP crawl","How Are Solar Panels Made"
"https://esteemenergy.com.au/best-way-to-clean-solar-panels/","/best-way-to-clean-solar-panels/","best-way-to-clean-solar-panels\index.html","post","present","present","present","duplicate local routes","none","needs HTTP crawl","Best Way To Clean Solar Panels"
"https://esteemenergy.com.au/solar-batteries-price/","/solar-batteries-price/","solar-batteries-price\index.html","post","present","present","present","duplicate local routes","none","needs HTTP crawl","Solar Batteries Price"
"https://esteemenergy.com.au/how-much-does-one-solar-panel-cost-in-australia/","/how-much-does-one-solar-panel-cost-in-australia/","how-much-does-one-solar-panel-cost-in-australia\index.html","post","present","present","present","duplicate local routes","none","needs HTTP crawl","How Much Does One Solar Panel Cost In Australia"
"https://esteemenergy.com.au/solar-power-systems-prices/","/solar-power-systems-prices/","solar-power-systems-prices\index.html","post","present","present","present","duplicate local routes","none","needs HTTP crawl","Solar Power Systems Prices"
"https://esteemenergy.com.au/how-many-solar-panels-do-i-need/","/how-many-solar-panels-do-i-need/","how-many-solar-panels-do-i-need\index.html","post","present","present","present","duplicate local routes","none","needs HTTP crawl","How Many Solar Panels Do I Need"
"https://esteemenergy.com.au/how-much-do-solar-panels-cost/","/how-much-do-solar-panels-cost/","how-much-do-solar-panels-cost\index.html","post","present","present","present","duplicate local routes","none","needs HTTP crawl","How Much Do Solar Panels Cost"
"https://esteemenergy.com.au/top-10-solar-companies-in-perth/","/top-10-solar-companies-in-perth/","top-10-solar-companies-in-perth\index.html","post","present","present","present","duplicate local routes","none","needs HTTP crawl","Top 10 Solar Companies In Perth"
"https://esteemenergy.com.au/top-10-solar-inverters-in-australia/","/top-10-solar-inverters-in-australia/","top-10-solar-inverters-in-australia\index.html","post","present","present","present","duplicate local routes","none","needs HTTP crawl","Top 10 Solar Inverters In Australia"
"https://esteemenergy.com.au/what-size-solar-system-do-i-need/","/what-size-solar-system-do-i-need/","what-size-solar-system-do-i-need\index.html","post","present","present","present","duplicate local routes","none","needs HTTP crawl","What Size Solar System Do I Need"
"https://esteemenergy.com.au/how-many-panels-in-a-6-6kw-solar-system/","/how-many-panels-in-a-6-6kw-solar-system/","how-many-panels-in-a-6-6kw-solar-system\index.html","post","present","present","present","duplicate local routes","none","needs HTTP crawl","How Many Panels In A 6.6KW Solar System"
"https://esteemenergy.com.au/why-are-solar-panels-good/","/why-are-solar-panels-good/","why-are-solar-panels-good\index.html","post","present","present","present","duplicate local routes","none","needs HTTP crawl","Why Are Solar Panels Good"
"https://esteemenergy.com.au/how-many-solar-panels-for-10kw/","/how-many-solar-panels-for-10kw/","how-many-solar-panels-for-10kw\index.html","post","present","present","present","duplicate local routes","none","needs HTTP crawl","How Many Solar Panels For 10KW"
"https://esteemenergy.com.au/how-much-money-do-you-save-with-solar-panels-australia/","/how-much-money-do-you-save-with-solar-panels-australia/","how-much-money-do-you-save-with-solar-panels-australia\index.html","post","present","present","present","duplicate local routes","none","needs HTTP crawl","How Much Money Do You Save With Solar Panels Australia"
"https://esteemenergy.com.au/how-to-clean-solar-panels-at-home/","/how-to-clean-solar-panels-at-home/","how-to-clean-solar-panels-at-home\index.html","post","present","present","present","duplicate local routes","none","needs HTTP crawl","How To Clean Solar Panels At Home"
"https://esteemenergy.com.au/solar-panel-cleaning-guide/","/solar-panel-cleaning-guide/","solar-panel-cleaning-guide\index.html","post","present","present","present","duplicate local routes","none","needs HTTP crawl","Solar Panel cleaning"
"https://esteemenergy.com.au/best-solar-panels/","/best-solar-panels/","best-solar-panels\index.html","post","present","present","present","duplicate local routes","none","needs HTTP crawl","Best Solar Panels  Australia"
"https://esteemenergy.com.au/what-is-solar-energy/","/what-is-solar-energy/","what-is-solar-energy\index.html","post","present","present","present","duplicate local routes","none","needs HTTP crawl","What Is Solar Energy"
"https://esteemenergy.com.au/average-electricity-bill-for-2-person-household/","/average-electricity-bill-for-2-person-household/","average-electricity-bill-for-2-person-household\index.html","post","present","present","present","duplicate local routes","none","needs HTTP crawl","Average Electricity Bill For 2 Person Household"
"https://esteemenergy.com.au/solar-panel-maintenance-tips/","/solar-panel-maintenance-tips/","solar-panel-maintenance-tips\index.html","post","present","present","present","duplicate local routes","none","needs HTTP crawl","Solar Panel Maintenance"
"https://esteemenergy.com.au/how-much-does-electricity-cost-australia/","/how-much-does-electricity-cost-australia/","how-much-does-electricity-cost-australia\index.html","post","present","present","present","duplicate local routes","none","needs HTTP crawl","How Much Does Electricity Cost"
"https://esteemenergy.com.au/types-of-solar-panels/","/types-of-solar-panels/","types-of-solar-panels\index.html","post","present","present","present","duplicate local routes","none","needs HTTP crawl","Types Of Solar Panels"
"https://esteemenergy.com.au/how-much-solar-do-i-need/","/how-much-solar-do-i-need/","how-much-solar-do-i-need\index.html","post","present","present","present","duplicate local routes","none","needs HTTP crawl","How Much Solar Do I Need"
"https://esteemenergy.com.au/how-much-will-a-6-6kw-solar-system-save-me/","/how-much-will-a-6-6kw-solar-system-save-me/","how-much-will-a-6-6kw-solar-system-save-me\index.html","post","present","present","present","duplicate local routes","none","needs HTTP crawl","How Much Will A 6.6kw Solar System Save Me"
"https://esteemenergy.com.au/cost-of-electricity-sydney/","/cost-of-electricity-sydney/","cost-of-electricity-sydney\index.html","post","present","present","present","duplicate local routes","none","needs HTTP crawl","Cost Of Electricity In Sydney"
"https://esteemenergy.com.au/who-invented-solar-panels/","/who-invented-solar-panels/","who-invented-solar-panels\index.html","post","present","present","present","duplicate local routes","none","needs HTTP crawl","Who Invented Solar Panels"
"https://esteemenergy.com.au/are-solar-panels-recyclable/","/are-solar-panels-recyclable/","are-solar-panels-recyclable\index.html","post","present","present","present","duplicate local routes","none","needs HTTP crawl","Are Solar Panels Recyclable"
"https://esteemenergy.com.au/electricity-charges-per-kwh/","/electricity-charges-per-kwh/","electricity-charges-per-kwh\index.html","post","present","present","present","duplicate local routes","none","needs HTTP crawl","Electricity Charges Per KWh"
"https://esteemenergy.com.au/cost-of-battery-for-solar-panels/","/cost-of-battery-for-solar-panels/","cost-of-battery-for-solar-panels\index.html","post","present","present","present","duplicate local routes","none","needs HTTP crawl","Cost Of Battery For Solar Panels"
"https://esteemenergy.com.au/solar-panels-cost-sydney/","/solar-panels-cost-sydney/","solar-panels-cost-sydney\index.html","post","present","present","present","duplicate local routes","none","needs HTTP crawl","Solar Panels Cost Sydney"
"https://esteemenergy.com.au/10kw-solar-battery-price/","/10kw-solar-battery-price/","10kw-solar-battery-price\index.html","post","present","present","present","duplicate local routes","none","needs HTTP crawl","10kw Solar Battery Price"
"https://esteemenergy.com.au/jinko-solar-panels-review/","/jinko-solar-panels-review/","jinko-solar-panels-review\index.html","post","present","present","present","duplicate local routes","none","needs HTTP crawl","Jinko Solar Panels Review"
"https://esteemenergy.com.au/growatt-inverter-review/","/growatt-inverter-review/","growatt-inverter-review\index.html","post","present","present","present","duplicate local routes","none","needs HTTP crawl","Growatt Inverter Review"
"https://esteemenergy.com.au/best-solar-battery-in-australia/","/best-solar-battery-in-australia/","best-solar-battery-in-australia\index.html","post","present","present","present","duplicate local routes","none","needs HTTP crawl","Best Solar Battery In Australia"
"https://esteemenergy.com.au/sungrow-inverter-review/","/sungrow-inverter-review/","sungrow-inverter-review\index.html","post","present","present","present","duplicate local routes","none","needs HTTP crawl","Sungrow Inverter Review"
"https://esteemenergy.com.au/10998/","/10998/","10998\index.html","post","present","present","present","duplicate local routes","none","needs HTTP crawl",""
"https://esteemenergy.com.au/australia-online-casino-patterns-a-specialist-s-insight/","/australia-online-casino-patterns-a-specialist-s-insight/","australia-online-casino-patterns-a-specialist-s-insight\index.html","post","present","present","present","duplicate local routes","none","needs HTTP crawl","Australia Online Casino Patterns: A Specialist's Insight"
"https://esteemenergy.com.au/trina-solar-panels-review/","/trina-solar-panels-review/","trina-solar-panels-review\index.html","post","present","present","present","duplicate local routes","none","needs HTTP crawl","Trina Solar Panels Review"
"https://esteemenergy.com.au/sonnen-battery-price/","/sonnen-battery-price/","sonnen-battery-price\index.html","post","present","present","present","duplicate local routes","none","needs HTTP crawl","Sonnen Battery Price"
"https://esteemenergy.com.au/cost-of-electricity-in-australia-per-kwh/","/cost-of-electricity-in-australia-per-kwh/","cost-of-electricity-in-australia-per-kwh\index.html","post","present","present","present","duplicate local routes","none","needs HTTP crawl","Cost Of Electricity In Australia Per KWh"
"https://esteemenergy.com.au/sungrow-battery-review/","/sungrow-battery-review/","sungrow-battery-review\index.html","post","present","present","present","duplicate local routes","none","needs HTTP crawl","Sungrow Battery Review"
"https://esteemenergy.com.au/solar-installation-cost/","/solar-installation-cost/","solar-installation-cost\index.html","post","present","present","present","duplicate local routes","none","needs HTTP crawl","Solar Installation Cost"
"https://esteemenergy.com.au/canadian-solar-panels-review/","/canadian-solar-panels-review/","canadian-solar-panels-review\index.html","post","present","present","present","duplicate local routes","none","needs HTTP crawl","Canadian Solar Panels Review"
"https://esteemenergy.com.au/longi-solar-panels-review/","/longi-solar-panels-review/","longi-solar-panels-review\index.html","post","present","present","present","duplicate local routes","none","needs HTTP crawl","Longi Solar Panels Review"
"https://esteemenergy.com.au/solar-inverter-replacement/","/solar-inverter-replacement/","solar-inverter-replacement\index.html","post","present","present","present","duplicate local routes","none","needs HTTP crawl","A Comprehensive Guide to Solar Inverter Replacement: Costs, Signs, Steps & Best Brands"
"https://esteemenergy.com.au/huawei-inverter-review/","/huawei-inverter-review/","huawei-inverter-review\index.html","post","present","present","present","duplicate local routes","none","needs HTTP crawl","Huawei Inverter Review: An In-Depth Look at Features, Performance, and Cost"
"https://esteemenergy.com.au/why-solar-panels-are-not-worth-it/","/why-solar-panels-are-not-worth-it/","why-solar-panels-are-not-worth-it\index.html","post","present","present","present","duplicate local routes","none","needs HTTP crawl","Why Solar Panels Are Not Worth It: Exploring the Truth Behind the Investment"
"https://esteemenergy.com.au/saj-inverter-review/","/saj-inverter-review/","saj-inverter-review\index.html","post","present","present","present","duplicate local routes","none","needs HTTP crawl","SAJ Inverter Review: Comprehensive Insights on Features, Cost, Efficiency, and Performance in Australia"
"https://esteemenergy.com.au/fronius-inverter-review/","/fronius-inverter-review/","fronius-inverter-review\index.html","post","present","present","present","duplicate local routes","none","needs HTTP crawl","The Ultimate Fronius Inverter Review: Models, Efficiency, Costs, and More"
"https://esteemenergy.com.au/german-made-solar-panels/","/german-made-solar-panels/","german-made-solar-panels\index.html","post","present","present","present","duplicate local routes","none","needs HTTP crawl","Why German Made Solar Panels are the Smart Choice for Australian Homeowners"
"https://esteemenergy.com.au/what-are-the-best-solar-panels/","/what-are-the-best-solar-panels/","what-are-the-best-solar-panels\index.html","post","present","present","present","duplicate local routes","none","needs HTTP crawl","What Are The Best Solar Panels"
"https://esteemenergy.com.au/biggest-solar-farm-in-australia/","/biggest-solar-farm-in-australia/","biggest-solar-farm-in-australia\index.html","post","present","present","present","duplicate local routes","none","needs HTTP crawl","Biggest Solar Farm In Australia"
"https://esteemenergy.com.au/what-is-solar-feed-in-tariff/","/what-is-solar-feed-in-tariff/","what-is-solar-feed-in-tariff\index.html","post","present","present","present","duplicate local routes","none","needs HTTP crawl","What Is Solar Feed-In Tariff"
"https://esteemenergy.com.au/sungrow-battery-vs-tesla/","/sungrow-battery-vs-tesla/","sungrow-battery-vs-tesla\index.html","post","present","present","present","duplicate local routes","none","needs HTTP crawl","Sungrow Battery Vs Tesla"
"https://esteemenergy.com.au/alpha-ess-battery-vs-tesla/","/alpha-ess-battery-vs-tesla/","alpha-ess-battery-vs-tesla\index.html","post","present","present","present","duplicate local routes","none","needs HTTP crawl","Alpha ESS Battery Vs Tesla"
"https://esteemenergy.com.au/sofar-inverter-review/","/sofar-inverter-review/","sofar-inverter-review\index.html","post","present","present","present","duplicate local routes","none","needs HTTP crawl","Sofar Inverter Review"
"https://esteemenergy.com.au/single-phase-vs-three-phase-solar-systems/","/single-phase-vs-three-phase-solar-systems/","single-phase-vs-three-phase-solar-systems\index.html","post","present","present","present","duplicate local routes","none","needs HTTP crawl","Single-Phase Vs Three-Phase Solar Systems"
"https://esteemenergy.com.au/what-is-the-solar-rebate-in-australia/","/what-is-the-solar-rebate-in-australia/","what-is-the-solar-rebate-in-australia\index.html","post","present","present","present","duplicate local routes","none","needs HTTP crawl","What Is The Solar Rebate In Australia?"
"https://esteemenergy.com.au/is-a-solar-battery-worth-it/","/is-a-solar-battery-worth-it/","is-a-solar-battery-worth-it\index.html","post","present","present","present","duplicate local routes","none","needs HTTP crawl","Is A Solar Battery Worth It"
"https://esteemenergy.com.au/how-does-solar-energy-work/","/how-does-solar-energy-work/","how-does-solar-energy-work\index.html","post","present","present","present","duplicate local routes","none","needs HTTP crawl","How Does Solar Energy Work"
"https://esteemenergy.com.au/origin-solar-feed-in-tariff/","/origin-solar-feed-in-tariff/","origin-solar-feed-in-tariff\index.html","post","present","present","present","duplicate local routes","none","needs HTTP crawl","Origin Solar Feed In Tariff"
"https://esteemenergy.com.au/solar-battery-adelaide/","/solar-battery-adelaide/","solar-battery-adelaide\index.html","post","present","present","present","duplicate local routes","none","needs HTTP crawl","Solar Battery Adelaide"
"https://esteemenergy.com.au/best-solar-feed-in-tariff-nsw/","/best-solar-feed-in-tariff-nsw/","best-solar-feed-in-tariff-nsw\index.html","post","present","present","present","duplicate local routes","none","needs HTTP crawl","Best Solar Feed-In Tariff Nsw"
"https://esteemenergy.com.au/das-solar-panels-review/","/das-solar-panels-review/","das-solar-panels-review\index.html","post","present","present","present","duplicate local routes","none","needs HTTP crawl","Das Solar Panels Review"
"https://esteemenergy.com.au/tindo-solar-reviews/","/tindo-solar-reviews/","tindo-solar-reviews\index.html","post","present","present","present","duplicate local routes","none","needs HTTP crawl","Tindo Solar Reviews"
"https://esteemenergy.com.au/suntech-solar-panels-review/","/suntech-solar-panels-review/","suntech-solar-panels-review\index.html","post","present","present","present","duplicate local routes","none","needs HTTP crawl","Suntech Solar Panels Review"
"https://esteemenergy.com.au/sungrow-vs-fronius/","/sungrow-vs-fronius/","sungrow-vs-fronius\index.html","post","present","present","present","duplicate local routes","none","needs HTTP crawl","Sungrow Vs Fronius"
"https://esteemenergy.com.au/do-solar-panels-work-at-night/","/do-solar-panels-work-at-night/","do-solar-panels-work-at-night\index.html","post","present","present","present","duplicate local routes","none","needs HTTP crawl","Do Solar Panels Work At Night"
"https://esteemenergy.com.au/solar-companies-gold-coast/","/solar-companies-gold-coast/","solar-companies-gold-coast\index.html","post","present","present","present","duplicate local routes","none","needs HTTP crawl","Solar Companies Gold Coast"
"https://esteemenergy.com.au/byd-battery-vs-tesla-battery/","/byd-battery-vs-tesla-battery/","byd-battery-vs-tesla-battery\index.html","post","present","present","present","duplicate local routes","none","needs HTTP crawl","Byd Battery Vs Tesla Battery"
"https://esteemenergy.com.au/benefits-of-a-6-6-kw-solar-system-in-australia/","/benefits-of-a-6-6-kw-solar-system-in-australia/","benefits-of-a-6-6-kw-solar-system-in-australia\index.html","post","present","present","present","duplicate local routes","none","needs HTTP crawl","Benefits Of A 6.6 KW Solar System In Australia"
"https://esteemenergy.com.au/how-much-does-a-6-6-kw-solar-system-cost-in-australia/","/how-much-does-a-6-6-kw-solar-system-cost-in-australia/","how-much-does-a-6-6-kw-solar-system-cost-in-australia\index.html","post","present","present","present","duplicate local routes","none","needs HTTP crawl","How Much Does a 6.6 KW Solar System Cost in Australia"
"https://esteemenergy.com.au/benefits-of-6-6-kw-solar-system-australia/","/benefits-of-6-6-kw-solar-system-australia/","benefits-of-6-6-kw-solar-system-australia\index.html","post","present","present","present","duplicate local routes","none","needs HTTP crawl","Unlocking the Benefits of a 6.6kW Solar System in Australia: Your Path to Energy Savings and Sustainability"
"https://esteemenergy.com.au/6-6-kw-solar-system-cost-australia/","/6-6-kw-solar-system-cost-australia/","6-6-kw-solar-system-cost-australia\index.html","post","present","present","present","duplicate local routes","none","needs HTTP crawl","How Much Does a 6.6kW Solar System Cost in Australia?"
"https://esteemenergy.com.au/6-6-kw-solar-system-power-output/","/6-6-kw-solar-system-power-output/","6-6-kw-solar-system-power-output\index.html","post","present","present","present","duplicate local routes","none","needs HTTP crawl","How Much Power Does a 6.6 kW Solar System Produce? A Complete Guide to Solar Energy Output in Australia"
"https://esteemenergy.com.au/top-solar-panel-brands-6-6-kw-australia/","/top-solar-panel-brands-6-6-kw-australia/","top-solar-panel-brands-6-6-kw-australia\index.html","post","present","present","present","duplicate local routes","none","needs HTTP crawl","Top Solar Panel Brands for 6.6 KW Systems in Australia (2025 Guide)"
"https://esteemenergy.com.au/government-incentives-6-6-kw-solar-australia/","/government-incentives-6-6-kw-solar-australia/","government-incentives-6-6-kw-solar-australia\index.html","post","present","present","present","duplicate local routes","none","needs HTTP crawl","Unlocking Government Incentives for Installing a 6.6kW Solar System in Australia"
"https://esteemenergy.com.au/how-many-solar-panels-for-10kw-2/","/how-many-solar-panels-for-10kw-2/","how-many-solar-panels-for-10kw-2\index.html","post","present","present","present","duplicate local routes","none","needs HTTP crawl","How Many Solar Panels for 10kW Solar System?"
"https://esteemenergy.com.au/sunpower-solar-panels/","/sunpower-solar-panels/","sunpower-solar-panels\index.html","post","present","present","present","duplicate local routes","none","needs HTTP crawl","SunPower Solar Panels: The Ultimate Guide to Efficiency, Warranty, and Energy Output"
"https://esteemenergy.com.au/average-electricity-bill-brisbane/","/average-electricity-bill-brisbane/","average-electricity-bill-brisbane\index.html","post","present","present","present","duplicate local routes","none","needs HTTP crawl","Average Electricity Bill Brisbane: A Complete Guide to Energy Costs & Savings"
"https://esteemenergy.com.au/solar-panels-sunshine-coast/","/solar-panels-sunshine-coast/","solar-panels-sunshine-coast\index.html","post","present","present","present","duplicate local routes","none","needs HTTP crawl","Solar Panels Sunshine Coast â€“ The Ultimate Guide to Cost, Rebates & Installation"
"https://esteemenergy.com.au/average-electricity-bill-perth/","/average-electricity-bill-perth/","average-electricity-bill-perth\index.html","post","present","present","present","duplicate local routes","none","needs HTTP crawl","Average Electricity Bill in Perth: Costs, Comparisons, and Ways to Save"
"https://esteemenergy.com.au/solar-battery-price-perth/","/solar-battery-price-perth/","solar-battery-price-perth\index.html","post","present","present","present","duplicate local routes","none","needs HTTP crawl","Solar Battery Price Perth â€“ Cost Breakdown, Best Options & Savings"
"https://esteemenergy.com.au/best-solar-system-for-home/","/best-solar-system-for-home/","best-solar-system-for-home\index.html","post","present","present","present","duplicate local routes","none","needs HTTP crawl","Best Solar System for Home: The Ultimate Guide to Residential Solar Solutions"
"https://esteemenergy.com.au/best-solar-installer-brisbane/","/best-solar-installer-brisbane/","best-solar-installer-brisbane\index.html","post","present","present","present","duplicate local routes","none","needs HTTP crawl","Best Solar Installer Brisbane: Top 7 Certified Companies for 2025"
"https://esteemenergy.com.au/best-solar-feed-in-tariff-brisbane/","/best-solar-feed-in-tariff-brisbane/","best-solar-feed-in-tariff-brisbane\index.html","post","present","present","present","duplicate local routes","none","needs HTTP crawl","Best Solar Feed-in Tariff Brisbane: Maximize Your Solar Savings"
"https://esteemenergy.com.au/cost-of-solar-panels-perth/","/cost-of-solar-panels-perth/","cost-of-solar-panels-perth\index.html","post","present","present","present","duplicate local routes","none","needs HTTP crawl","Best Solar Feed-in Tariff Brisbane: Maximize Your Solar Savings"
"https://esteemenergy.com.au/cost-of-solar-panels-brisbane/","/cost-of-solar-panels-brisbane/","cost-of-solar-panels-brisbane\index.html","post","present","present","present","duplicate local routes","none","needs HTTP crawl","Cost of Solar Panels Brisbane: A Complete Guide for 2025"
"https://esteemenergy.com.au/10kw-solar-system-cost/","/10kw-solar-system-cost/","10kw-solar-system-cost\index.html","post","present","present","present","duplicate local routes","none","needs HTTP crawl","10kW Solar System Cost: A Complete Guide to Pricing, Savings, and Installation"
"https://esteemenergy.com.au/how-much-power-does-a-5kw-solar-system-generate/","/how-much-power-does-a-5kw-solar-system-generate/","how-much-power-does-a-5kw-solar-system-generate\index.html","post","present","present","present","duplicate local routes","none","needs HTTP crawl","How Much Power Does a 5kW Solar System Generate? A Complete Guide"
"https://esteemenergy.com.au/5kw-solar-system-battery-backup/","/5kw-solar-system-battery-backup/","5kw-solar-system-battery-backup\index.html","post","present","present","present","duplicate local routes","none","needs HTTP crawl","5kW Solar System Battery Backup: The Ultimate Guide to Energy Independence"
"https://esteemenergy.com.au/risen-solar-panel-review/","/risen-solar-panel-review/","risen-solar-panel-review\index.html","post","present","present","present","duplicate local routes","none","needs HTTP crawl","Risen Solar Panel Review: A Comprehensive Guide to Performance, Efficiency, and Pricing"
"https://esteemenergy.com.au/astronergy-solar-panels-review/","/astronergy-solar-panels-review/","astronergy-solar-panels-review\index.html","post","present","present","present","duplicate local routes","none","needs HTTP crawl","Astronergy Solar Panels Review: A Complete Guide to Performance, Efficiency & Warranty"
"https://esteemenergy.com.au/6-6kw-solar-system-price-adelaide/","/6-6kw-solar-system-price-adelaide/","6-6kw-solar-system-price-adelaide\index.html","post","present","present","present","duplicate local routes","none","needs HTTP crawl","6.6kW Solar System Price Adelaide: Cost, Rebates & Best Solar Deals in 2025"
"https://esteemenergy.com.au/unlocking-the-benefits-of-a-6-6kw-solar-system-in-australia-your-path-to-energy-savings-and-sustainability/","/unlocking-the-benefits-of-a-6-6kw-solar-system-in-australia-your-path-to-energy-savings-and-sustainability/","unlocking-the-benefits-of-a-6-6kw-solar-system-in-australia-your-path-to-energy-savings-and-sustainability\index.html","post","present","present","present","duplicate local routes","none","needs HTTP crawl","Unlocking the Benefits of a 6.6kW Solar System in Australia: Your Path to Energy Savings and Sustainability"
"https://esteemenergy.com.au/6kw-solar-battery-cost/","/6kw-solar-battery-cost/","6kw-solar-battery-cost\index.html","post","present","present","present","duplicate local routes","none","needs HTTP crawl","6kW Solar Battery Cost: Everything You Need to Know in 2025"
"https://esteemenergy.com.au/discovering-constraints-in-best-online-casino-australia/","/discovering-constraints-in-best-online-casino-australia/","discovering-constraints-in-best-online-casino-australia\index.html","post","present","present","present","duplicate local routes","none","needs HTTP crawl","Discovering Constraints in Best Online Casino Australia"
"https://esteemenergy.com.au/disadvantages-of-solar-energy/","/disadvantages-of-solar-energy/","disadvantages-of-solar-energy\index.html","post","present","present","present","duplicate local routes","none","needs HTTP crawl","The Disadvantages of Solar Energy: What You Need to Know Before Going Solar in 2025"
"https://esteemenergy.com.au/ev-charger-installation-cost/","/ev-charger-installation-cost/","ev-charger-installation-cost\index.html","post","present","present","present","duplicate local routes","none","needs HTTP crawl","EV Charger Installation Cost in Australia: Your Complete Guide to Affordable Charging Solutions"
"https://esteemenergy.com.au/6-6kw-solar-system-with-5kw-inverter-price/","/6-6kw-solar-system-with-5kw-inverter-price/","6-6kw-solar-system-with-5kw-inverter-price\index.html","post","present","present","present","duplicate local routes","none","needs HTTP crawl","6.6kW Solar System with 5kW Inverter Price: Is It the Smartest Solar Investment for Your Home?"
"https://esteemenergy.com.au/best-solar-batteries-australia/","/best-solar-batteries-australia/","best-solar-batteries-australia\index.html","post","present","present","present","duplicate local routes","none","needs HTTP crawl","Best Solar Batteries Australia: 2025 Expert Guide to Top Energy Storage Systems"
"https://esteemenergy.com.au/perth-solar-force-reviews/","/perth-solar-force-reviews/","perth-solar-force-reviews\index.html","post","present","present","present","duplicate local routes","none","needs HTTP crawl","Perth Solar Force Reviews: What Customers Really Think About This Perth Solar Installation Company"
"https://esteemenergy.com.au/commercial-solar-companies/","/commercial-solar-companies/","commercial-solar-companies\index.html","post","present","present","present","duplicate local routes","none","needs HTTP crawl","Why Commercial Solar Companies Are Essential for Future-Ready Businesses"
"https://esteemenergy.com.au/top-10-solar-companies-in-sydney/","/top-10-solar-companies-in-sydney/","top-10-solar-companies-in-sydney\index.html","post","present","present","present","duplicate local routes","none","needs HTTP crawl","Top 10 Solar Companies in Sydney (2025 Edition)"
"https://esteemenergy.com.au/13-2kw-solar-system-price/","/13-2kw-solar-system-price/","13-2kw-solar-system-price\index.html","post","present","present","present","duplicate local routes","none","needs HTTP crawl","13.2kW Solar System Price in Australia: Complete Cost Breakdown, Benefits & Payback (2025 Guide)"
"https://esteemenergy.com.au/what-is-a-hybrid-inverter/","/what-is-a-hybrid-inverter/","what-is-a-hybrid-inverter\index.html","post","present","present","present","duplicate local routes","none","needs HTTP crawl","What is a Hybrid Inverter? A Complete Guide to Smarter Solar Power"
"https://esteemenergy.com.au/electricity-prices-in-south-australia/","/electricity-prices-in-south-australia/","electricity-prices-in-south-australia\index.html","post","present","present","present","duplicate local routes","none","needs HTTP crawl","Electricity Prices in South Australia: 2025 Trends, Cost Comparisons & How Solar Can Maximize Your ROI"
"https://esteemenergy.com.au/solar-inverter-repairs-perth/","/solar-inverter-repairs-perth/","solar-inverter-repairs-perth\index.html","post","present","present","present","duplicate local routes","none","needs HTTP crawl","Solar Inverter Repairs Perth: Essential Guide for Homeowners and Businesses"
"https://esteemenergy.com.au/off-grid-solar-inverter/","/off-grid-solar-inverter/","off-grid-solar-inverter\index.html","post","present","present","present","duplicate local routes","none","needs HTTP crawl","Off Grid Solar Inverter: Powering Independent Solar Systems for a Self-Sufficient Future"
"https://esteemenergy.com.au/home-battery-scheme-south-australia/","/home-battery-scheme-south-australia/","home-battery-scheme-south-australia\index.html","post","present","present","present","duplicate local routes","none","needs HTTP crawl","Unlocking the Power of Savings: Home Battery Scheme South Australia Explained"
"https://esteemenergy.com.au/best-angle-for-solar-panels/","/best-angle-for-solar-panels/","best-angle-for-solar-panels\index.html","post","present","present","present","duplicate local routes","none","needs HTTP crawl","Best Angle for Solar Panels: A Comprehensive Guide to Optimizing Solar Efficiency"
"https://esteemenergy.com.au/6kw-solar-battery-cost-in-australia/","/6kw-solar-battery-cost-in-australia/","6kw-solar-battery-cost-in-australia\index.html","post","present","present","present","duplicate local routes","none","needs HTTP crawl","Understanding the 6kW Solar Battery Cost in Australia: What You Need to Know in 2025"
"https://esteemenergy.com.au/do-solar-panels-need-direct-sunlight/","/do-solar-panels-need-direct-sunlight/","do-solar-panels-need-direct-sunlight\index.html","post","present","present","present","duplicate local routes","none","needs HTTP crawl","Do Solar Panels Need Direct Sunlight to Work Efficiently? Uncover the Truth About Shade, Clouds, and Solar Power"
"https://esteemenergy.com.au/sungrow-vs-goodwe/","/sungrow-vs-goodwe/","sungrow-vs-goodwe\index.html","post","present","present","present","duplicate local routes","none","needs HTTP crawl","Sungrow vs GoodWe: The Ultimate Solar Inverter Comparison 2025"
"https://esteemenergy.com.au/risen-solar-panels-vs-jinko/","/risen-solar-panels-vs-jinko/","risen-solar-panels-vs-jinko\index.html","post","present","present","present","duplicate local routes","none","needs HTTP crawl","Risen Solar Panels vs Jinko: Which One Delivers Better Value for Australian Homes in 2025?"
"https://esteemenergy.com.au/how-much-will-a-5kw-solar-system-save-me/","/how-much-will-a-5kw-solar-system-save-me/","how-much-will-a-5kw-solar-system-save-me\index.html","post","present","present","present","duplicate local routes","none","needs HTTP crawl","How Much Will a 5kW Solar System Save Me? A Comprehensive Guide to Solar Savings, Electricity Bill Reduction, and ROI"
"https://esteemenergy.com.au/best-quality-solar-panels-in-australia/","/best-quality-solar-panels-in-australia/","best-quality-solar-panels-in-australia\index.html","post","present","present","present","duplicate local routes","none","needs HTTP crawl","The Best Quality Solar Panels in Australia: A Comprehensive Guide for 2025"
"https://esteemenergy.com.au/unlocking-the-benefits-of-a-6-6kw-solar-system-in-australia-your-path-to-energy-savings-and-sustainability-2/","/unlocking-the-benefits-of-a-6-6kw-solar-system-in-australia-your-path-to-energy-savings-and-sustainability-2/","unlocking-the-benefits-of-a-6-6kw-solar-system-in-australia-your-path-to-energy-savings-and-sustainability-2\index.html","post","present","present","present","duplicate local routes","none","needs HTTP crawl","Unlocking the Benefits of a 6.6kW Solar System in Australia: Your Path to Energy Savings and Sustainability"
"https://esteemenergy.com.au/commercial-solar-panel-installation-cost/","/commercial-solar-panel-installation-cost/","commercial-solar-panel-installation-cost\index.html","post","present","present","present","duplicate local routes","none","needs HTTP crawl","Understanding Commercial Solar Panel Installation Cost in 2025: A Comprehensive Guide"
"https://esteemenergy.com.au/how-many-panels-in-a-3kw-solar-system/","/how-many-panels-in-a-3kw-solar-system/","how-many-panels-in-a-3kw-solar-system\index.html","post","present","present","present","duplicate local routes","none","needs HTTP crawl","How Many Panels in a 3kW Solar System? A Comprehensive Guide to Sizing and Installation"
"https://esteemenergy.com.au/how-do-solar-inverters-work/","/how-do-solar-inverters-work/","how-do-solar-inverters-work\index.html","post","present","present","present","duplicate local routes","none","needs HTTP crawl","How Do Solar Inverters Work? A Complete Guide to Inverter Basics and Solar Electricity Flow"
"https://esteemenergy.com.au/advantages-of-solar-system-installed-in-three-phase-power/","/advantages-of-solar-system-installed-in-three-phase-power/","advantages-of-solar-system-installed-in-three-phase-power\index.html","post","present","present","present","duplicate local routes","none","needs HTTP crawl","Unlocking the Full Potential of Solar: Advantages of Solar System Installed in Three-Phase Power"
"https://esteemenergy.com.au/calculate-the-cost-of-installing-a-solar-panel/","/calculate-the-cost-of-installing-a-solar-panel/","calculate-the-cost-of-installing-a-solar-panel\index.html","post","present","present","present","duplicate local routes","none","needs HTTP crawl","A Comprehensive Guide to Calculate the Cost of Installing a Solar Panel in Australia"
"https://esteemenergy.com.au/does-your-solar-system-need-maintenance/","/does-your-solar-system-need-maintenance/","does-your-solar-system-need-maintenance\index.html","post","present","present","present","duplicate local routes","none","needs HTTP crawl","Does Your Solar System Need Maintenance? A Complete Guide to Cleaning, Servicing & System Health"
"https://esteemenergy.com.au/how-much-do-tesla-solar-panels-cost/","/how-much-do-tesla-solar-panels-cost/","how-much-do-tesla-solar-panels-cost\index.html","post","present","present","present","duplicate local routes","none","needs HTTP crawl","How Much Do Tesla Solar Panels Cost in 2025? | Tesla Solar Price, Roof Cost & More Explained"
"https://esteemenergy.com.au/how-to-monitor-your-solar-systems-performance-with-a-wifi-app/","/how-to-monitor-your-solar-systems-performance-with-a-wifi-app/","how-to-monitor-your-solar-systems-performance-with-a-wifi-app\index.html","post","present","present","present","duplicate local routes","none","needs HTTP crawl","How to Monitor Your Solar Systemâ€™s Performance with a WiFi App"
"https://esteemenergy.com.au/solar-financing-is-a-good-idea-different-options-for-solar-loan/","/solar-financing-is-a-good-idea-different-options-for-solar-loan/","solar-financing-is-a-good-idea-different-options-for-solar-loan\index.html","post","present","present","present","duplicate local routes","none","needs HTTP crawl","Solar Financing Is a Good Idea? Different Options for Solar Loan Explained"
"https://esteemenergy.com.au/what-size-battery-do-i-need-for-a-6-6kw-solar-system/","/what-size-battery-do-i-need-for-a-6-6kw-solar-system/","what-size-battery-do-i-need-for-a-6-6kw-solar-system\index.html","post","present","present","present","duplicate local routes","none","needs HTTP crawl","What Size Battery Do I Need for a 6.6 kW Solar System? A Complete Guide to Solar Battery Capacity & Energy Storage Sizing"
"https://esteemenergy.com.au/bird-proofing-solar-panels/","/bird-proofing-solar-panels/","bird-proofing-solar-panels\index.html","post","present","present","present","duplicate local routes","none","needs HTTP crawl","bird proofing solar panels"
"https://esteemenergy.com.au/seraphim-solar-panels-review/","/seraphim-solar-panels-review/","seraphim-solar-panels-review\index.html","post","present","present","present","duplicate local routes","none","needs HTTP crawl","seraphim solar panels review"
"https://esteemenergy.com.au/5kw-solar-battery-price/","/5kw-solar-battery-price/","5kw-solar-battery-price\index.html","post","present","present","present","duplicate local routes","none","needs HTTP crawl","5kw solar battery price"
"https://esteemenergy.com.au/trina-solar-panels-vs-jinko/","/trina-solar-panels-vs-jinko/","trina-solar-panels-vs-jinko\index.html","post","present","present","present","duplicate local routes","none","needs HTTP crawl","trina solar panels vs jinko"
"https://esteemenergy.com.au/what-size-battery-for-a-10kw-system/","/what-size-battery-for-a-10kw-system/","what-size-battery-for-a-10kw-system\index.html","post","present","present","present","duplicate local routes","none","needs HTTP crawl","what size battery for a 10kw system"
"https://esteemenergy.com.au/solar-panels-not-working/","/solar-panels-not-working/","solar-panels-not-working\index.html","post","present","present","present","duplicate local routes","none","needs HTTP crawl","solar panels not working"
"https://esteemenergy.com.au/how-to-check-solar-panel-output/","/how-to-check-solar-panel-output/","how-to-check-solar-panel-output\index.html","post","present","present","present","duplicate local routes","none","needs HTTP crawl","how to check solar panel output"
"https://esteemenergy.com.au/solis-inverter-vs-fronius/","/solis-inverter-vs-fronius/","solis-inverter-vs-fronius\index.html","post","present","present","present","duplicate local routes","none","needs HTTP crawl","solis inverter vs fronius"
"https://esteemenergy.com.au/are-trina-solar-panels-any-good/","/are-trina-solar-panels-any-good/","are-trina-solar-panels-any-good\index.html","post","present","present","present","duplicate local routes","none","needs HTTP crawl","are trina solar panels any good"
"https://esteemenergy.com.au/longi-vs-jinko-solar-panels/","/longi-vs-jinko-solar-panels/","longi-vs-jinko-solar-panels\index.html","post","present","present","present","duplicate local routes","none","needs HTTP crawl","longi vs jinko solar panels"
"https://esteemenergy.com.au/can-you-add-solar-panels-to-existing-system/","/can-you-add-solar-panels-to-existing-system/","can-you-add-solar-panels-to-existing-system\index.html","post","present","present","present","duplicate local routes","none","needs HTTP crawl","can you add solar panels to existing system"
"https://esteemenergy.com.au/best-home-batteries-australia/","/best-home-batteries-australia/","best-home-batteries-australia\index.html","post","present","present","present","duplicate local routes","none","needs HTTP crawl","best home batteries australia"
"https://esteemenergy.com.au/shingled-vs-monocrystalline-panels/","/shingled-vs-monocrystalline-panels/","shingled-vs-monocrystalline-panels\index.html","post","present","present","present","duplicate local routes","none","needs HTTP crawl","shingled vs monocrystalline panels"
"https://esteemenergy.com.au/solaredge-battery-vs-tesla-powerwall/","/solaredge-battery-vs-tesla-powerwall/","solaredge-battery-vs-tesla-powerwall\index.html","post","present","present","present","duplicate local routes","none","needs HTTP crawl","solaredge battery vs tesla powerwall"
"https://esteemenergy.com.au/solar-panel-not-charging-battery/","/solar-panel-not-charging-battery/","solar-panel-not-charging-battery\index.html","post","present","present","present","duplicate local routes","none","needs HTTP crawl","solar panel not charging battery"
"https://esteemenergy.com.au/how-to-increase-solar-panel-efficiency/","/how-to-increase-solar-panel-efficiency/","how-to-increase-solar-panel-efficiency\index.html","post","present","present","present","duplicate local routes","none","needs HTTP crawl","how to increase solar panel efficiency"
"https://esteemenergy.com.au/solaredge-vs-enphase/","/solaredge-vs-enphase/","solaredge-vs-enphase\index.html","post","present","present","present","duplicate local routes","none","needs HTTP crawl","solaredge vs enphase"
"https://esteemenergy.com.au/solaredge-vs-fronius/","/solaredge-vs-fronius/","solaredge-vs-fronius\index.html","post","present","present","present","duplicate local routes","none","needs HTTP crawl","solaredge vs fronius"
"https://esteemenergy.com.au/enphase-vs-fronius/","/enphase-vs-fronius/","enphase-vs-fronius\index.html","post","present","present","present","duplicate local routes","none","needs HTTP crawl","enphase vs fronius"
"https://esteemenergy.com.au/best-inverter-for-10kw-solar-system/","/best-inverter-for-10kw-solar-system/","best-inverter-for-10kw-solar-system\index.html","post","present","present","present","duplicate local routes","none","needs HTTP crawl","best inverter for 10kw solar system"
"https://esteemenergy.com.au/govt-subsidies-for-10kw-system-australia/","/govt-subsidies-for-10kw-system-australia/","govt-subsidies-for-10kw-system-australia\index.html","post","present","present","present","duplicate local routes","none","needs HTTP crawl","govt subsidies for 10kw system Australia"
"https://esteemenergy.com.au/how-many-panels-for-10kw-system/","/how-many-panels-for-10kw-system/","how-many-panels-for-10kw-system\index.html","post","present","present","present","duplicate local routes","none","needs HTTP crawl","how many panels for 10kw system"
"https://esteemenergy.com.au/how-to-install-a-10kw-solar-system/","/how-to-install-a-10kw-solar-system/","how-to-install-a-10kw-solar-system\index.html","post","present","present","present","duplicate local routes","none","needs HTTP crawl","how to install a 10kw solar system"
"https://esteemenergy.com.au/what-is-a-10kw-solar-system/","/what-is-a-10kw-solar-system/","what-is-a-10kw-solar-system\index.html","post","present","present","present","duplicate local routes","none","needs HTTP crawl","what is a 10kw solar system"
"https://esteemenergy.com.au/how-much-power-does-a-10kw-system-produce/","/how-much-power-does-a-10kw-system-produce/","how-much-power-does-a-10kw-system-produce\index.html","post","present","present","present","duplicate local routes","none","needs HTTP crawl","how much power does a 10kw system produce"
"https://esteemenergy.com.au/how-many-panels-in-a-5kw-system/","/how-many-panels-in-a-5kw-system/","how-many-panels-in-a-5kw-system\index.html","post","present","present","present","duplicate local routes","none","needs HTTP crawl","how many panels in a 5kw system"
"https://esteemenergy.com.au/how-much-power-does-5kw-system-produce/","/how-much-power-does-5kw-system-produce/","how-much-power-does-5kw-system-produce\index.html","post","present","present","present","duplicate local routes","none","needs HTTP crawl","how much power does 5kw system produce"
"https://esteemenergy.com.au/5kw-off-grid-solar-system/","/5kw-off-grid-solar-system/","5kw-off-grid-solar-system\index.html","post","present","present","present","duplicate local routes","none","needs HTTP crawl","5kw off-grid solar system"
"https://esteemenergy.com.au/cost-of-solar-panels-on-a-home/","/cost-of-solar-panels-on-a-home/","cost-of-solar-panels-on-a-home\index.html","post","present","present","present","duplicate local routes","none","needs HTTP crawl","Cost of solar panels on a home"
"https://esteemenergy.com.au/govt-rebate-solar-panels/","/govt-rebate-solar-panels/","govt-rebate-solar-panels\index.html","post","present","present","present","duplicate local routes","none","needs HTTP crawl","Govt rebate solar panels"
"https://esteemenergy.com.au/solar-panel-disadvantages/","/solar-panel-disadvantages/","solar-panel-disadvantages\index.html","post","present","present","present","duplicate local routes","none","needs HTTP crawl","Solar panel disadvantages"
"https://esteemenergy.com.au/how-to-check-solar-panel-output-2/","/how-to-check-solar-panel-output-2/","how-to-check-solar-panel-output-2\index.html","post","present","present","present","duplicate local routes","none","needs HTTP crawl","How to check solar panel output"
"https://esteemenergy.com.au/solar-panel-replacement/","/solar-panel-replacement/","solar-panel-replacement\index.html","post","present","present","present","duplicate local routes","none","needs HTTP crawl","Solar Panel Replacement"
"https://esteemenergy.com.au/5kw-solar-inverter-price-australia/","/5kw-solar-inverter-price-australia/","5kw-solar-inverter-price-australia\index.html","post","present","present","present","duplicate local routes","none","needs HTTP crawl","5kW Solar Inverter Price Australia"
"https://esteemenergy.com.au/how-do-you-connect-a-solar-panel-to-a-battery/","/how-do-you-connect-a-solar-panel-to-a-battery/","how-do-you-connect-a-solar-panel-to-a-battery\index.html","post","present","present","present","duplicate local routes","none","needs HTTP crawl","How do you connect a solar panel to a battery"
"https://esteemenergy.com.au/6-6kw-vs-10kw-solar-system/","/6-6kw-vs-10kw-solar-system/","6-6kw-vs-10kw-solar-system\index.html","post","present","present","present","duplicate local routes","none","needs HTTP crawl","6.6kW vs 10kW solar system"
"https://esteemenergy.com.au/10kw-solar-inverter/","/10kw-solar-inverter/","10kw-solar-inverter\index.html","post","present","present","present","duplicate local routes","none","needs HTTP crawl","10kW Solar Inverter"
"https://esteemenergy.com.au/10kw-vs-13kw-solar-system/","/10kw-vs-13kw-solar-system/","10kw-vs-13kw-solar-system\index.html","post","present","present","present","duplicate local routes","none","needs HTTP crawl","10kW vs 13kW solar system"
"https://esteemenergy.com.au/6-6kw-solar-system-price-nsw/","/6-6kw-solar-system-price-nsw/","6-6kw-solar-system-price-nsw\index.html","post","present","present","present","duplicate local routes","none","needs HTTP crawl","6.6kW solar system price NSW"
"https://esteemenergy.com.au/solar-panel-cost/","/solar-panel-cost/","solar-panel-cost\index.html","post","present","present","present","duplicate local routes","none","needs HTTP crawl","Solar Panel Cost"
"https://esteemenergy.com.au/solar-panel-efficiency/","/solar-panel-efficiency/","solar-panel-efficiency\index.html","post","present","present","present","duplicate local routes","none","needs HTTP crawl","Solar Panel Efficiency"
"https://esteemenergy.com.au/cost-of-13kw-solar-system/","/cost-of-13kw-solar-system/","cost-of-13kw-solar-system\index.html","post","present","present","present","duplicate local routes","none","needs HTTP crawl","Cost of 13kw Solar System"
"https://esteemenergy.com.au/solar-panel-subsidy/","/solar-panel-subsidy/","solar-panel-subsidy\index.html","post","present","present","present","duplicate local routes","none","needs HTTP crawl","Solar Panel Subsidy"
"https://esteemenergy.com.au/loan-for-solar-panels/","/loan-for-solar-panels/","loan-for-solar-panels\index.html","post","present","present","present","duplicate local routes","none","needs HTTP crawl","Loan For Solar Panels"
"https://esteemenergy.com.au/solar-battery-cost/","/solar-battery-cost/","solar-battery-cost\index.html","post","present","present","present","duplicate local routes","none","needs HTTP crawl","Solar Battery Cost"
"https://esteemenergy.com.au/how-much-cost-to-install-solar-panels/","/how-much-cost-to-install-solar-panels/","how-much-cost-to-install-solar-panels\index.html","post","present","present","present","duplicate local routes","none","needs HTTP crawl","How Much Cost to Install Solar Panels in Australia: A Complete Guide"
"https://esteemenergy.com.au/best-solar-panels-sydney/","/best-solar-panels-sydney/","best-solar-panels-sydney\index.html","post","present","present","present","duplicate local routes","none","needs HTTP crawl","Best Solar Panels Sydney (2025 Comprehensive Guide)"
"https://esteemenergy.com.au/solar-panel-and-battery/","/solar-panel-and-battery/","solar-panel-and-battery\index.html","post","present","present","present","duplicate local routes","none","needs HTTP crawl","The Ultimate Guide to Solar Panel and Battery Systems in Australia"
"https://esteemenergy.com.au/cryptoslots-canada-guide-for-secure-crypto-play/","/cryptoslots-canada-guide-for-secure-crypto-play/","cryptoslots-canada-guide-for-secure-crypto-play\index.html","post","present","present","present","duplicate local routes","none","needs HTTP crawl","Cryptoslots Canada guide for secure crypto play"
"https://esteemenergy.com.au/cost-of-solar-panels-for-4-bedroom-house/","/cost-of-solar-panels-for-4-bedroom-house/","cost-of-solar-panels-for-4-bedroom-house\index.html","post","present","present","present","duplicate local routes","none","needs HTTP crawl","Cost of Solar Panels for a 4-Bedroom House in Australia (2025 Guide)"
"https://esteemenergy.com.au/best-solar-panels-in-australia/","/best-solar-panels-in-australia/","best-solar-panels-in-australia\index.html","post","present","present","present","duplicate local routes","none","needs HTTP crawl","Best Solar Panels Australia 2025: Expert Comparison, Prices & Buying Guide"
"https://esteemenergy.com.au/how-much-do-solar-panels-cost-sydney/","/how-much-do-solar-panels-cost-sydney/","how-much-do-solar-panels-cost-sydney\index.html","post","present","present","present","duplicate local routes","none","needs HTTP crawl","How Much Do Solar Panels Cost in Sydney (2025 Guide)"
"https://esteemenergy.com.au/how-much-will-a-10kw-solar-system-save-me/","/how-much-will-a-10kw-solar-system-save-me/","how-much-will-a-10kw-solar-system-save-me\index.html","post","present","present","present","duplicate local routes","none","needs HTTP crawl","How Much Will a 10kW Solar System Save Me in Australia?"
"https://esteemenergy.com.au/solar-panel-rebate-qld/","/solar-panel-rebate-qld/","solar-panel-rebate-qld\index.html","post","present","present","present","duplicate local routes","none","needs HTTP crawl","Solar Panel Rebate QLD 2025: Save Big on Solar Energy Rebates Queensland"
"https://esteemenergy.com.au/best-10kw-solar-battery-price-australia/","/best-10kw-solar-battery-price-australia/","best-10kw-solar-battery-price-australia\index.html","post","present","present","present","duplicate local routes","none","needs HTTP crawl","Best 10kW Solar Battery Price in Australia (2025 Guide)"
"https://esteemenergy.com.au/how-much-do-solar-panels-cost-adelaide/","/how-much-do-solar-panels-cost-adelaide/","how-much-do-solar-panels-cost-adelaide\index.html","post","present","present","present","duplicate local routes","none","needs HTTP crawl","How Much Do Solar Panels Cost in Adelaide? (2025 Updated Guide)"
"https://esteemenergy.com.au/how-much-are-solar-batteries/","/how-much-are-solar-batteries/","how-much-are-solar-batteries\index.html","post","present","present","present","duplicate local routes","none","needs HTTP crawl","How Much Are Solar Batteries in Australia? | 2025 Cost Breakdown & Smart Buying Guide"
"https://esteemenergy.com.au/how-much-do-commercial-solar-panels-cost/","/how-much-do-commercial-solar-panels-cost/","how-much-do-commercial-solar-panels-cost\index.html","post","present","present","present","duplicate local routes","none","needs HTTP crawl","How Much Do Commercial Solar Panels Cost in 2025? A Complete Pricing Breakdown"
"https://esteemenergy.com.au/australian-solar-battery-rebate/","/australian-solar-battery-rebate/","australian-solar-battery-rebate\index.html","post","present","present","present","duplicate local routes","none","needs HTTP crawl","Australian Solar Battery Rebate: A Complete 2026 Guide"
"https://esteemenergy.com.au/10kw-solar-system-with-battery-price/","/10kw-solar-system-with-battery-price/","10kw-solar-system-with-battery-price\index.html","post","present","present","present","duplicate local routes","none","needs HTTP crawl","10kW Solar System With Battery Price in Australia (2025 Guide)"
"https://esteemenergy.com.au/what-are-the-best-solar-panels-in-australia/","/what-are-the-best-solar-panels-in-australia/","what-are-the-best-solar-panels-in-australia\index.html","post","present","present","present","duplicate local routes","none","needs HTTP crawl","What Are the Best Solar Panels in Australia? A Complete 2025 Guide"
"https://esteemenergy.com.au/how-do-solar-panels-work-with-your-electric-bill/","/how-do-solar-panels-work-with-your-electric-bill/","how-do-solar-panels-work-with-your-electric-bill\index.html","post","present","present","present","duplicate local routes","none","needs HTTP crawl","How Do Solar Panels Work With Your Electric Bill? A Complete Guide for Homeowners"
"https://esteemenergy.com.au/how-much-will-a-6-6kw-solar-system-save-me-2/","/how-much-will-a-6-6kw-solar-system-save-me-2/","how-much-will-a-6-6kw-solar-system-save-me-2\index.html","post","present","present","present","duplicate local routes","none","needs HTTP crawl","How Much Will a 6.6kW Solar System Save Me in Australia? (2025 Guide)"
"https://esteemenergy.com.au/how-to-clean-solar-panels-on-roof/","/how-to-clean-solar-panels-on-roof/","how-to-clean-solar-panels-on-roof\index.html","post","present","present","present","duplicate local routes","none","needs HTTP crawl","How to Clean Solar Panels on Roof: Complete Homeowner Guide | mapped local route: None"
"https://esteemenergy.com.au/maximizing-your-savings-the-ultimate-guide-to-2026-solar-panel-rebates/","/maximizing-your-savings-the-ultimate-guide-to-2026-solar-panel-rebates/","maximizing-your-savings-the-ultimate-guide-to-2026-solar-panel-rebates\index.html","post","present","present","present","duplicate local routes","none","needs HTTP crawl","Maximizing Your Savings: The Ultimate Guide to 2026 Solar Panel Rebates"
"https://esteemenergy.com.au/what-are-solar-panel-batteries-and-what-are-they-used-for/","/what-are-solar-panel-batteries-and-what-are-they-used-for/","what-are-solar-panel-batteries-and-what-are-they-used-for\index.html","post","present","present","present","duplicate local routes","none","needs HTTP crawl","What Are Solar Panel Batteries and What Are They Used For?"
"https://esteemenergy.com.au/determining-the-ideal-solar-system-size-for-your-australian-home-in-2026/","/determining-the-ideal-solar-system-size-for-your-australian-home-in-2026/","determining-the-ideal-solar-system-size-for-your-australian-home-in-2026\index.html","post","present","present","present","duplicate local routes","none","needs HTTP crawl","Determining the Ideal Solar System Size for Your Australian Home in 2026"
"https://esteemenergy.com.au/fox-ess-battery-review/","/fox-ess-battery-review/","fox-ess-battery-review\index.html","post","present","present","present","duplicate local routes","none","needs HTTP crawl","Fox ESS Battery Review: Is This Solar Battery Worth It in 2026? | mapped local route: None"
"https://esteemenergy.com.au/best-solar-battery-storage-2026/","/best-solar-battery-storage-2026/","best-solar-battery-storage-2026\index.html","post","present","present","present","duplicate local routes","none","needs HTTP crawl","Best Solar Battery Storage 2026: Complete Guide to the Top Home Battery Systems"
"https://esteemenergy.com.au/solar-rebate-nsw-2026-update/","/solar-rebate-nsw-2026-update/","solar-rebate-nsw-2026-update\index.html","post","present","present","present","duplicate local routes","none","needs HTTP crawl","Solar Rebate NSW 2026 Update: What Has Changed This Year?"
"https://esteemenergy.com.au/solar-battery-cost-in-australia-2026/","/solar-battery-cost-in-australia-2026/","solar-battery-cost-in-australia-2026\index.html","post","present","present","present","duplicate local routes","none","needs HTTP crawl","Solar Battery Cost in Australia (2026): Complete Guide for Homeowners"
"https://esteemenergy.com.au/solar-quotes-sydney-nsw/","/solar-quotes-sydney-nsw/","solar-quotes-sydney-nsw\index.html","post","present","present","present","duplicate local routes","none","needs HTTP crawl","Solar Quotes Sydney NSW: How Homeowners in Sydney Are Cutting Electricity Bills with Smart Solar Deals"
